filename,hood,front_left_door,front_right_door,rear_left_door,rear_right_door
images\0.png,0,0,0,0,0
images\1.png,0,0,0,0,0
images\2.png,0,0,0,0,0
images\3.png,0,0,0,0,0
images\4.png,0,0,0,0,0
images\5.png,0,0,0,0,0
images\6.png,0,0,0,0,0
images\7.png,0,0,0,0,0
images\8.png,0,0,0,0,0
images\9.png,0,0,0,0,0
images\10.png,0,0,0,0,0
images\11.png,0,0,0,0,0
images\12.png,0,0,0,0,0
images\13.png,0,0,0,0,0
images\14.png,0,0,0,0,0
images\15.png,0,0,0,0,0
images\16.png,0,0,0,0,0
images\17.png,0,0,0,0,0
images\18.png,0,0,0,0,0
images\19.png,0,0,0,0,0
images\20.png,0,0,0,0,0
images\21.png,0,0,0,0,0
images\22.png,0,0,0,0,0
images\23.png,0,0,0,0,0
images\24.png,0,0,0,0,0
images\25.png,0,0,0,0,0
images\26.png,0,0,0,0,0
images\27.png,0,0,0,0,0
images\28.png,0,0,0,0,0
images\29.png,0,0,0,0,0
images\30.png,0,0,0,0,0
images\31.png,0,0,0,0,0
images\32.png,0,0,0,0,0
images\33.png,0,0,0,0,0
images\34.png,0,0,0,0,0
images\35.png,0,0,0,0,0
images\36.png,0,0,0,0,0
images\37.png,0,0,0,0,0
images\38.png,0,0,0,0,0
images\39.png,0,0,0,0,0
images\40.png,0,0,0,0,0
images\41.png,0,0,0,0,0
images\42.png,0,0,0,0,0
images\43.png,0,0,0,0,0
images\44.png,0,0,0,0,0
images\45.png,0,0,0,0,0
images\46.png,0,0,0,0,0
images\47.png,0,0,0,0,0
images\48.png,0,0,0,0,0
images\49.png,0,0,0,0,0
images\50.png,0,0,0,0,0
images\51.png,0,0,0,0,0
images\52.png,0,0,0,0,0
images\53.png,0,0,0,0,0
images\54.png,0,0,0,0,0
images\55.png,0,0,0,0,0
images\56.png,0,0,0,0,0
images\57.png,0,0,0,0,0
images\58.png,0,0,0,0,0
images\59.png,0,0,0,0,0
images\60.png,0,0,0,0,0
images\61.png,0,0,0,0,0
images\62.png,0,0,0,0,0
images\63.png,0,0,0,0,0
images\64.png,0,0,0,0,0
images\65.png,0,0,0,0,0
images\66.png,0,0,0,0,0
images\67.png,0,0,0,0,0
images\68.png,0,0,0,0,0
images\69.png,0,0,0,0,0
images\70.png,0,0,0,0,0
images\71.png,0,0,0,0,0
images\72.png,0,0,0,0,0
images\73.png,0,0,0,0,0
images\74.png,0,0,0,0,0
images\75.png,0,0,0,0,0
images\76.png,0,0,0,0,0
images\77.png,0,0,0,0,0
images\78.png,0,0,0,0,0
images\79.png,0,0,0,0,0
images\80.png,0,0,0,0,0
images\81.png,0,0,0,0,0
images\82.png,0,0,0,0,0
images\83.png,0,0,0,0,0
images\84.png,0,0,0,0,0
images\85.png,0,0,0,0,0
images\86.png,0,0,0,0,0
images\87.png,0,0,0,0,0
images\88.png,0,0,0,0,0
images\89.png,0,0,0,0,0
images\90.png,0,0,0,0,0
images\91.png,0,0,0,0,0
images\92.png,0,0,0,0,0
images\93.png,0,0,0,0,0
images\94.png,0,0,0,0,0
images\95.png,0,0,0,0,0
images\96.png,0,0,0,0,0
images\97.png,0,0,0,0,0
images\98.png,0,0,0,0,0
images\99.png,0,0,0,0,0
images\100.png,0,0,0,0,0
images\101.png,0,0,0,0,0
images\102.png,0,0,0,0,0
images\103.png,0,0,0,0,0
images\104.png,0,0,0,0,0
images\105.png,0,0,0,0,0
images\106.png,0,0,0,0,0
images\107.png,0,0,0,0,0
images\108.png,0,0,0,0,0
images\109.png,0,0,0,0,0
images\110.png,0,0,0,0,0
images\111.png,0,0,0,0,0
images\112.png,0,0,0,0,0
images\113.png,0,0,0,0,0
images\114.png,0,0,0,0,0
images\115.png,0,0,0,0,0
images\116.png,0,0,0,0,0
images\117.png,0,0,0,0,0
images\118.png,0,0,0,0,0
images\119.png,0,0,0,0,0
images\120.png,0,0,0,0,0
images\121.png,0,0,0,0,0
images\122.png,0,0,0,0,0
images\123.png,0,0,0,0,0
images\124.png,0,0,0,0,0
images\125.png,0,0,0,0,0
images\126.png,0,0,0,0,0
images\127.png,0,0,0,0,0
images\128.png,0,0,0,0,0
images\129.png,0,0,0,0,0
images\130.png,0,0,0,0,0
images\131.png,0,0,0,0,0
images\132.png,0,0,0,0,0
images\133.png,0,0,0,0,0
images\134.png,0,0,0,0,0
images\135.png,0,0,0,0,0
images\136.png,0,0,0,0,0
images\137.png,0,0,0,0,0
images\138.png,0,0,0,0,0
images\139.png,0,0,0,0,0
images\140.png,0,0,0,0,0
images\141.png,0,0,0,0,0
images\142.png,0,0,0,0,0
images\143.png,0,0,0,0,0
images\144.png,0,0,0,0,0
images\145.png,0,0,0,0,0
images\146.png,0,0,0,0,0
images\147.png,0,0,0,0,0
images\148.png,0,0,0,0,0
images\149.png,0,0,0,0,0
images\150.png,0,0,0,0,0
images\151.png,0,0,0,0,0
images\152.png,0,0,0,0,0
images\153.png,0,0,0,0,0
images\154.png,0,0,0,0,0
images\155.png,0,0,0,0,0
images\156.png,0,0,0,0,0
images\157.png,0,0,0,0,0
images\158.png,0,0,0,0,0
images\159.png,0,0,0,0,0
images\160.png,0,0,0,0,0
images\161.png,0,0,0,0,0
images\162.png,0,0,0,0,0
images\163.png,0,0,0,0,0
images\164.png,0,0,0,0,0
images\165.png,0,0,0,0,0
images\166.png,0,0,0,0,0
images\167.png,0,0,0,0,0
images\168.png,0,0,0,0,0
images\169.png,0,0,0,0,0
images\170.png,0,0,0,0,0
images\171.png,0,0,0,0,0
images\172.png,0,0,0,0,0
images\173.png,0,0,0,0,0
images\174.png,0,0,0,0,0
images\175.png,0,0,0,0,0
images\176.png,0,0,0,0,0
images\177.png,0,0,0,0,0
images\178.png,0,0,0,0,0
images\179.png,0,0,0,0,0
images\180.png,0,0,0,0,0
images\181.png,0,0,0,0,0
images\182.png,0,0,0,0,0
images\183.png,0,0,0,0,0
images\184.png,0,0,0,0,0
images\185.png,0,0,0,0,0
images\186.png,0,0,0,0,0
images\187.png,0,0,0,0,0
images\188.png,0,0,0,0,0
images\189.png,0,0,0,0,0
images\190.png,0,0,0,0,0
images\191.png,0,0,0,0,0
images\192.png,0,0,0,0,0
images\193.png,0,0,0,0,0
images\194.png,0,0,0,0,0
images\195.png,0,0,0,0,0
images\196.png,0,0,0,0,0
images\197.png,0,0,0,0,0
images\198.png,0,0,0,0,0
images\199.png,0,0,0,0,0
images\200.png,0,0,0,0,0
images\201.png,0,0,0,0,0
images\202.png,0,0,0,0,0
images\203.png,0,0,0,0,0
images\204.png,0,0,0,0,0
images\205.png,0,0,0,0,0
images\206.png,0,0,0,0,0
images\207.png,0,0,0,0,0
images\208.png,0,0,0,0,0
images\209.png,0,0,0,0,0
images\210.png,0,0,0,0,0
images\211.png,0,0,0,0,0
images\212.png,0,0,0,0,0
images\213.png,0,0,0,0,0
images\214.png,0,0,0,0,0
images\215.png,0,0,0,0,0
images\216.png,0,0,0,0,0
images\217.png,0,0,0,0,0
images\218.png,0,0,0,0,0
images\219.png,0,0,0,0,0
images\220.png,0,0,0,0,0
images\221.png,0,0,0,0,0
images\222.png,0,0,0,0,0
images\223.png,0,0,0,0,0
images\224.png,0,0,0,0,0
images\225.png,0,0,0,0,0
images\226.png,0,0,0,0,0
images\227.png,0,0,0,0,0
images\228.png,0,0,0,0,0
images\229.png,0,0,0,0,0
images\230.png,0,0,0,0,0
images\231.png,0,0,0,0,0
images\232.png,0,0,0,0,0
images\233.png,0,0,0,0,0
images\234.png,0,0,0,0,0
images\235.png,0,0,0,0,0
images\236.png,0,0,0,0,0
images\237.png,0,0,0,0,0
images\238.png,0,0,0,0,0
images\239.png,0,0,0,0,0
images\240.png,0,0,0,0,0
images\241.png,0,0,0,0,0
images\242.png,0,0,0,0,0
images\243.png,0,0,0,0,0
images\244.png,0,0,0,0,0
images\245.png,0,0,0,0,0
images\246.png,0,0,0,0,0
images\247.png,0,0,0,0,0
images\248.png,0,0,0,0,0
images\249.png,0,0,0,0,0
images\250.png,0,0,0,0,0
images\251.png,0,0,0,0,0
images\252.png,0,0,0,0,0
images\253.png,0,0,0,0,0
images\254.png,0,0,0,0,0
images\255.png,0,0,0,0,0
images\256.png,0,0,0,0,0
images\257.png,0,0,0,0,0
images\258.png,0,0,0,0,0
images\259.png,0,0,0,0,0
images\260.png,0,0,0,0,0
images\261.png,0,0,0,0,0
images\262.png,0,0,0,0,0
images\263.png,0,0,0,0,0
images\264.png,0,0,0,0,0
images\265.png,0,0,0,0,0
images\266.png,0,0,0,0,0
images\267.png,0,0,0,0,0
images\268.png,0,0,0,0,0
images\269.png,0,0,0,0,0
images\270.png,0,0,0,0,0
images\271.png,0,0,0,0,0
images\272.png,0,0,0,0,0
images\273.png,0,0,0,0,0
images\274.png,0,0,0,0,0
images\275.png,0,0,0,0,0
images\276.png,0,0,0,0,0
images\277.png,0,0,0,0,0
images\278.png,0,0,0,0,0
images\279.png,0,0,0,0,0
images\280.png,0,0,0,0,0
images\281.png,0,0,0,0,0
images\282.png,0,0,0,0,0
images\283.png,0,0,0,0,0
images\284.png,0,0,0,0,0
images\285.png,0,0,0,0,0
images\286.png,0,0,0,0,0
images\287.png,0,0,0,0,0
images\288.png,0,0,0,0,0
images\289.png,0,0,0,0,0
images\290.png,0,0,0,0,0
images\291.png,0,0,0,0,0
images\292.png,0,0,0,0,0
images\293.png,0,0,0,0,0
images\294.png,0,0,0,0,0
images\295.png,0,0,0,0,0
images\296.png,0,0,0,0,0
images\297.png,0,0,0,0,0
images\298.png,0,0,0,0,0
images\299.png,0,0,0,0,0
images\300.png,0,0,0,0,0
images\301.png,0,0,0,0,0
images\302.png,0,0,0,0,0
images\303.png,0,0,0,0,0
images\304.png,0,0,0,0,0
images\305.png,0,0,0,0,0
images\306.png,0,0,0,0,0
images\307.png,0,0,0,0,0
images\308.png,0,0,0,0,0
images\309.png,0,0,0,0,0
images\310.png,0,0,0,0,0
images\311.png,0,0,0,0,0
images\312.png,0,0,0,0,0
images\313.png,0,0,0,0,0
images\314.png,0,0,0,0,0
images\315.png,0,0,0,0,0
images\316.png,0,0,0,0,0
images\317.png,0,0,0,0,0
images\318.png,0,0,0,0,0
images\319.png,0,0,0,0,0
images\320.png,0,0,0,0,0
images\321.png,0,0,0,0,0
images\322.png,0,0,0,0,0
images\323.png,0,0,0,0,0
images\324.png,0,0,0,0,0
images\325.png,0,0,0,0,0
images\326.png,0,0,0,0,0
images\327.png,0,0,0,0,0
images\328.png,0,0,0,0,0
images\329.png,0,0,0,0,0
images\330.png,0,0,0,0,0
images\331.png,0,0,0,0,0
images\332.png,0,0,0,0,0
images\333.png,0,0,0,0,0
images\334.png,0,0,0,0,0
images\335.png,0,0,0,0,0
images\336.png,0,0,0,0,0
images\337.png,0,0,0,0,0
images\338.png,0,0,0,0,0
images\339.png,0,0,0,0,0
images\340.png,0,0,0,0,0
images\341.png,0,0,0,0,0
images\342.png,0,0,0,0,0
images\343.png,0,0,0,0,0
images\344.png,0,0,0,0,0
images\345.png,0,0,0,0,0
images\346.png,0,0,0,0,0
images\347.png,0,0,0,0,0
images\348.png,0,0,0,0,0
images\349.png,0,0,0,0,0
images\350.png,0,0,0,0,0
images\351.png,0,0,0,0,0
images\352.png,0,0,0,0,0
images\353.png,0,0,0,0,0
images\354.png,0,0,0,0,0
images\355.png,0,0,0,0,0
images\356.png,0,0,0,0,0
images\357.png,0,0,0,0,0
images\358.png,0,0,0,0,0
images\359.png,0,0,0,0,0
images\360.png,0,0,0,0,0
images\361.png,0,0,0,0,0
images\362.png,0,0,0,0,0
images\363.png,0,0,0,0,0
images\364.png,0,0,0,0,0
images\365.png,0,0,0,0,0
images\366.png,0,0,0,0,0
images\367.png,0,0,0,0,0
images\368.png,0,0,0,0,0
images\369.png,0,0,0,0,0
images\370.png,0,0,0,0,0
images\371.png,0,0,0,0,0
images\372.png,0,0,0,0,0
images\373.png,0,0,0,0,0
images\374.png,0,0,0,0,0
images\375.png,0,0,0,0,0
images\376.png,0,0,0,0,0
images\377.png,0,0,0,0,0
images\378.png,0,0,0,0,0
images\379.png,0,0,0,0,0
images\380.png,0,0,0,0,0
images\381.png,0,0,0,0,0
images\382.png,0,0,0,0,0
images\383.png,0,0,0,0,0
images\384.png,0,0,0,0,0
images\385.png,0,0,0,0,0
images\386.png,0,0,0,0,0
images\387.png,0,0,0,0,0
images\388.png,0,0,0,0,0
images\389.png,0,0,0,0,0
images\390.png,0,0,0,0,0
images\391.png,0,0,0,0,0
images\392.png,0,0,0,0,0
images\393.png,0,0,0,0,0
images\394.png,0,0,0,0,0
images\395.png,0,0,0,0,0
images\396.png,0,0,0,0,0
images\397.png,0,0,0,0,0
images\398.png,0,0,0,0,0
images\399.png,0,0,0,0,0
images\400.png,0,0,0,0,0
images\401.png,0,0,0,0,0
images\402.png,0,0,0,0,0
images\403.png,0,0,0,0,0
images\404.png,0,0,0,0,0
images\405.png,0,0,0,0,0
images\406.png,0,0,0,0,0
images\407.png,0,0,0,0,0
images\408.png,0,0,0,0,0
images\409.png,0,0,0,0,0
images\410.png,0,0,0,0,0
images\411.png,0,0,0,0,0
images\412.png,0,0,0,0,0
images\413.png,0,0,0,0,0
images\414.png,0,0,0,0,0
images\415.png,0,0,0,0,0
images\416.png,0,0,0,0,0
images\417.png,0,0,0,0,0
images\418.png,0,0,0,0,0
images\419.png,0,0,0,0,0
images\420.png,0,0,0,0,0
images\421.png,0,0,0,0,0
images\422.png,0,0,0,0,0
images\423.png,0,0,0,0,0
images\424.png,0,0,0,0,0
images\425.png,0,0,0,0,0
images\426.png,0,0,0,0,0
images\427.png,0,0,0,0,0
images\428.png,0,0,0,0,0
images\429.png,0,0,0,0,0
images\430.png,0,0,0,0,0
images\431.png,0,0,0,0,0
images\432.png,0,0,0,0,0
images\433.png,0,0,0,0,0
images\434.png,0,0,0,0,0
images\435.png,0,0,0,0,0
images\436.png,0,0,0,0,0
images\437.png,0,0,0,0,0
images\438.png,0,0,0,0,0
images\439.png,0,0,0,0,0
images\440.png,0,0,0,0,0
images\441.png,0,0,0,0,0
images\442.png,0,0,0,0,0
images\443.png,0,0,0,0,0
images\444.png,0,0,0,0,0
images\445.png,0,0,0,0,0
images\446.png,0,0,0,0,0
images\447.png,0,0,0,0,0
images\448.png,0,0,0,0,0
images\449.png,0,0,0,0,0
images\450.png,0,0,0,0,0
images\451.png,0,0,0,0,0
images\452.png,0,0,0,0,0
images\453.png,0,0,0,0,0
images\454.png,0,0,0,0,0
images\455.png,0,0,0,0,0
images\456.png,0,0,0,0,0
images\457.png,0,0,0,0,0
images\458.png,0,0,0,0,0
images\459.png,0,0,0,0,0
images\460.png,0,0,0,0,0
images\461.png,0,0,0,0,0
images\462.png,0,0,0,0,0
images\463.png,0,0,0,0,0
images\464.png,0,0,0,0,0
images\465.png,0,0,0,0,0
images\466.png,0,0,0,0,0
images\467.png,0,0,0,0,0
images\468.png,0,0,0,0,0
images\469.png,0,0,0,0,0
images\470.png,0,0,0,0,0
images\471.png,0,0,0,0,0
images\472.png,0,0,0,0,0
images\473.png,0,0,0,0,0
images\474.png,0,0,0,0,0
images\475.png,0,0,0,0,0
images\476.png,0,0,0,0,0
images\477.png,0,0,0,0,0
images\478.png,0,0,0,0,0
images\479.png,0,0,0,0,0
images\480.png,0,0,0,0,0
images\481.png,0,0,0,0,0
images\482.png,0,0,0,0,0
images\483.png,0,0,0,0,0
images\484.png,0,0,0,0,0
images\485.png,0,0,0,0,0
images\486.png,0,0,0,0,0
images\487.png,0,0,0,0,0
images\488.png,0,0,0,0,0
images\489.png,0,0,0,0,0
images\490.png,0,0,0,0,0
images\491.png,0,0,0,0,0
images\492.png,0,0,0,0,0
images\493.png,0,0,0,0,0
images\494.png,0,0,0,0,0
images\495.png,0,0,0,0,0
images\496.png,0,0,0,0,0
images\497.png,0,0,0,0,0
images\498.png,0,0,0,0,0
images\499.png,0,0,0,0,0
images\500.png,0,0,0,0,0
images\501.png,0,0,0,0,0
images\502.png,0,0,0,0,0
images\503.png,0,0,0,0,0
images\504.png,0,0,0,0,0
images\505.png,0,0,0,0,0
images\506.png,0,0,0,0,0
images\507.png,0,0,0,0,0
images\508.png,0,0,0,0,0
images\509.png,0,0,0,0,0
images\510.png,0,0,0,0,0
images\511.png,0,0,0,0,0
images\512.png,0,0,0,0,0
images\513.png,0,0,0,0,0
images\514.png,0,0,0,0,0
images\515.png,0,0,0,0,0
images\516.png,0,0,0,0,0
images\517.png,0,0,0,0,0
images\518.png,0,0,0,0,0
images\519.png,0,0,0,0,0
images\520.png,0,0,0,0,0
images\521.png,0,0,0,0,0
images\522.png,0,0,0,0,0
images\523.png,0,0,0,0,0
images\524.png,0,0,0,0,0
images\525.png,0,0,0,0,0
images\526.png,0,0,0,0,0
images\527.png,0,0,0,0,0
images\528.png,0,0,0,0,0
images\529.png,0,0,0,0,0
images\530.png,0,0,0,0,0
images\531.png,0,0,0,0,0
images\532.png,0,0,0,0,0
images\533.png,0,0,0,0,0
images\534.png,0,0,0,0,0
images\535.png,0,0,0,0,0
images\536.png,0,0,0,0,0
images\537.png,0,0,0,0,0
images\538.png,0,0,0,0,0
images\539.png,0,0,0,0,0
images\540.png,0,0,0,0,0
images\541.png,0,0,0,0,0
images\542.png,0,0,0,0,0
images\543.png,0,0,0,0,0
images\544.png,0,0,0,0,0
images\545.png,0,0,0,0,0
images\546.png,0,0,0,0,0
images\547.png,0,0,0,0,0
images\548.png,0,0,0,0,0
images\549.png,0,0,0,0,0
images\550.png,0,0,0,0,0
images\551.png,0,0,0,0,0
images\552.png,0,0,0,0,0
images\553.png,0,0,0,0,0
images\554.png,0,0,0,0,0
images\555.png,0,0,0,0,0
images\556.png,0,0,0,0,0
images\557.png,0,0,0,0,0
images\558.png,0,0,0,0,0
images\559.png,0,0,0,0,0
images\560.png,0,0,0,0,0
images\561.png,0,0,0,0,0
images\562.png,0,0,0,0,0
images\563.png,0,0,0,0,0
images\564.png,0,0,0,0,0
images\565.png,0,0,0,0,0
images\566.png,0,0,0,0,0
images\567.png,0,0,0,0,0
images\568.png,0,0,0,0,0
images\569.png,0,0,0,0,0
images\570.png,0,0,0,0,0
images\571.png,0,0,0,0,0
images\572.png,0,0,0,0,0
images\573.png,0,0,0,0,0
images\574.png,0,0,0,0,0
images\575.png,0,0,0,0,0
images\576.png,0,0,0,0,0
images\577.png,0,0,0,0,0
images\578.png,0,0,0,0,0
images\579.png,0,0,0,0,0
images\580.png,0,0,0,0,0
images\581.png,0,0,0,0,0
images\582.png,0,0,0,0,0
images\583.png,0,0,0,0,0
images\584.png,0,0,0,0,0
images\585.png,0,0,0,0,0
images\586.png,0,0,0,0,0
images\587.png,0,0,0,0,0
images\588.png,0,0,0,0,0
images\589.png,0,0,0,0,0
images\590.png,0,0,0,0,0
images\591.png,0,0,0,0,0
images\592.png,0,0,0,0,0
images\593.png,0,0,0,0,0
images\594.png,0,0,0,0,0
images\595.png,0,0,0,0,0
images\596.png,0,0,0,0,0
images\597.png,0,0,0,0,0
images\598.png,0,0,0,0,0
images\599.png,0,0,0,0,0
images\600.png,0,0,0,0,0
images\601.png,0,0,0,0,0
images\602.png,0,0,0,0,0
images\603.png,0,0,0,0,0
images\604.png,0,0,0,0,0
images\605.png,0,0,0,0,0
images\606.png,0,0,0,0,0
images\607.png,0,0,0,0,0
images\608.png,0,0,0,0,0
images\609.png,0,0,0,0,0
images\610.png,0,0,0,0,0
images\611.png,0,0,0,0,0
images\612.png,0,0,0,0,0
images\613.png,0,0,0,0,0
images\614.png,0,0,0,0,0
images\615.png,0,0,0,0,0
images\616.png,0,0,0,0,0
images\617.png,0,0,0,0,0
images\618.png,0,0,0,0,0
images\619.png,0,0,0,0,0
images\620.png,0,0,0,0,0
images\621.png,0,0,0,0,0
images\622.png,0,0,0,0,0
images\623.png,0,0,0,0,0
images\624.png,0,0,0,0,0
images\625.png,0,0,0,0,0
images\626.png,0,0,0,0,0
images\627.png,0,0,0,0,0
images\628.png,0,0,0,0,0
images\629.png,0,0,0,0,0
images\630.png,0,0,0,0,0
images\631.png,0,0,0,0,0
images\632.png,0,0,0,0,0
images\633.png,0,0,0,0,0
images\634.png,0,0,0,0,0
images\635.png,0,0,0,0,0
images\636.png,0,0,0,0,0
images\637.png,0,0,0,0,0
images\638.png,0,0,0,0,0
images\639.png,0,0,0,0,0
images\640.png,0,0,0,0,0
images\641.png,0,0,0,0,0
images\642.png,0,0,0,0,0
images\643.png,0,0,0,0,0
images\644.png,0,0,0,0,0
images\645.png,0,0,0,0,0
images\646.png,0,0,0,0,0
images\647.png,0,0,0,0,0
images\648.png,0,0,0,0,0
images\649.png,0,0,0,0,0
images\650.png,0,0,0,0,0
images\651.png,0,0,0,0,0
images\652.png,0,0,0,0,0
images\653.png,0,0,0,0,0
images\654.png,0,0,0,0,0
images\655.png,0,0,0,0,0
images\656.png,0,0,0,0,0
images\657.png,0,0,0,0,0
images\658.png,0,0,0,0,0
images\659.png,0,0,0,0,0
images\660.png,0,0,0,0,0
images\661.png,0,0,0,0,0
images\662.png,0,0,0,0,0
images\663.png,0,0,0,0,0
images\664.png,0,0,0,0,0
images\665.png,0,0,0,0,0
images\666.png,0,0,0,0,0
images\667.png,0,0,0,0,0
images\668.png,0,0,0,0,0
images\669.png,0,0,0,0,0
images\670.png,0,0,0,0,0
images\671.png,0,0,0,0,0
images\672.png,0,0,0,0,0
images\673.png,0,0,0,0,0
images\674.png,0,0,0,0,0
images\675.png,0,0,0,0,0
images\676.png,0,0,0,0,0
images\677.png,0,0,0,0,0
images\678.png,0,0,0,0,0
images\679.png,0,0,0,0,0
images\680.png,0,0,0,0,0
images\681.png,0,0,0,0,0
images\682.png,0,0,0,0,0
images\683.png,0,0,0,0,0
images\684.png,0,0,0,0,0
images\685.png,0,0,0,0,0
images\686.png,0,0,0,0,0
images\687.png,0,0,0,0,0
images\688.png,0,0,0,0,0
images\689.png,0,0,0,0,0
images\690.png,0,0,0,0,0
images\691.png,0,0,0,0,0
images\692.png,0,0,0,0,0
images\693.png,0,0,0,0,0
images\694.png,0,0,0,0,0
images\695.png,0,0,0,0,0
images\696.png,0,0,0,0,0
images\697.png,0,0,0,0,0
images\698.png,0,0,0,0,0
images\699.png,0,0,0,0,0
images\700.png,0,0,0,0,0
images\701.png,0,0,0,0,0
images\702.png,0,0,0,0,0
images\703.png,0,0,0,0,0
images\704.png,0,0,0,0,0
images\705.png,0,0,0,0,0
images\706.png,0,0,0,0,0
images\707.png,0,0,0,0,0
images\708.png,0,0,0,0,0
images\709.png,0,0,0,0,0
images\710.png,0,0,0,0,0
images\711.png,0,0,0,0,0
images\712.png,0,0,0,0,0
images\713.png,0,0,0,0,0
images\714.png,0,0,0,0,0
images\715.png,0,0,0,0,0
images\716.png,0,0,0,0,0
images\717.png,0,0,0,0,0
images\718.png,0,0,0,0,0
images\719.png,0,0,0,0,0
images\720.png,0,0,0,0,0
images\721.png,0,0,0,0,0
images\722.png,0,0,0,0,0
images\723.png,0,0,0,0,0
images\724.png,0,0,0,0,0
images\725.png,0,0,0,0,0
images\726.png,0,0,0,0,0
images\727.png,0,0,0,0,0
images\728.png,0,0,0,0,0
images\729.png,0,0,0,0,0
images\730.png,0,0,0,0,0
images\731.png,0,0,0,0,0
images\732.png,0,0,0,0,0
images\733.png,0,0,0,0,0
images\734.png,0,0,0,0,0
images\735.png,0,0,0,0,0
images\736.png,0,0,0,0,0
images\737.png,0,0,0,0,0
images\738.png,0,0,0,0,0
images\739.png,0,0,0,0,0
images\740.png,0,0,0,0,0
images\741.png,0,0,0,0,0
images\742.png,0,0,0,0,0
images\743.png,0,0,0,0,0
images\744.png,0,0,0,0,0
images\745.png,0,0,0,0,0
images\746.png,0,0,0,0,0
images\747.png,0,0,0,0,0
images\748.png,0,0,0,0,0
images\749.png,0,0,0,0,0
images\750.png,0,0,0,0,0
images\751.png,0,0,0,0,0
images\752.png,0,0,0,0,0
images\753.png,0,0,0,0,0
images\754.png,0,0,0,0,0
images\755.png,0,0,0,0,0
images\756.png,0,0,0,0,0
images\757.png,0,0,0,0,0
images\758.png,0,0,0,0,0
images\759.png,0,0,0,0,0
images\760.png,0,0,0,0,0
images\761.png,0,0,0,0,0
images\762.png,0,0,0,0,0
images\763.png,0,0,0,0,0
images\764.png,0,0,0,0,0
images\765.png,0,0,0,0,0
images\766.png,0,0,0,0,0
images\767.png,0,0,0,0,0
images\768.png,0,0,0,0,0
images\769.png,0,0,0,0,0
images\770.png,0,0,0,0,0
images\771.png,0,0,0,0,0
images\772.png,0,0,0,0,0
images\773.png,0,0,0,0,0
images\774.png,0,0,0,0,0
images\775.png,0,0,0,0,0
images\776.png,0,0,0,0,0
images\777.png,0,0,0,0,0
images\778.png,0,0,0,0,0
images\779.png,0,0,0,0,0
images\780.png,0,0,0,0,0
images\781.png,0,0,0,0,0
images\782.png,0,0,0,0,0
images\783.png,0,0,0,0,0
images\784.png,0,0,0,0,0
images\785.png,0,0,0,0,0
images\786.png,0,0,0,0,0
images\787.png,0,0,0,0,0
images\788.png,0,0,0,0,0
images\789.png,0,0,0,0,0
images\790.png,0,0,0,0,0
images\791.png,0,0,0,0,0
images\792.png,0,0,0,0,0
images\793.png,0,0,0,0,0
images\794.png,0,0,0,0,0
images\795.png,0,0,0,0,0
images\796.png,0,0,0,0,0
images\797.png,0,0,0,0,0
images\798.png,0,0,0,0,0
images\799.png,0,0,0,0,0
images\800.png,0,0,0,0,0
images\801.png,0,0,0,0,0
images\802.png,0,0,0,0,0
images\803.png,0,0,0,0,0
images\804.png,0,0,0,0,0
images\805.png,0,0,0,0,0
images\806.png,0,0,0,0,0
images\807.png,0,0,0,0,0
images\808.png,0,0,0,0,0
images\809.png,0,0,0,0,0
images\810.png,0,0,0,0,0
images\811.png,0,0,0,0,0
images\812.png,0,0,0,0,0
images\813.png,0,0,0,0,0
images\814.png,0,0,0,0,0
images\815.png,0,0,0,0,0
images\816.png,0,0,0,0,0
images\817.png,0,0,0,0,0
images\818.png,0,0,0,0,0
images\819.png,0,0,0,0,0
images\820.png,0,0,0,0,0
images\821.png,0,0,0,0,0
images\822.png,0,0,0,0,0
images\823.png,0,0,0,0,0
images\824.png,0,0,0,0,0
images\825.png,0,0,0,0,0
images\826.png,0,0,0,0,0
images\827.png,0,0,0,0,0
images\828.png,0,0,0,0,0
images\829.png,0,0,0,0,0
images\830.png,0,0,0,0,0
images\831.png,0,0,0,0,0
images\832.png,0,0,0,0,0
images\833.png,0,0,0,0,0
images\834.png,0,0,0,0,0
images\835.png,0,0,0,0,0
images\836.png,0,0,0,0,0
images\837.png,0,0,0,0,0
images\838.png,0,0,0,0,0
images\839.png,0,0,0,0,0
images\840.png,0,0,0,0,0
images\841.png,0,0,0,0,0
images\842.png,0,0,0,0,0
images\843.png,0,0,0,0,0
images\844.png,0,0,0,0,0
images\845.png,0,0,0,0,0
images\846.png,0,0,0,0,0
images\847.png,0,0,0,0,0
images\848.png,0,0,0,0,0
images\849.png,0,0,0,0,0
images\850.png,0,0,0,0,0
images\851.png,0,0,0,0,0
images\852.png,0,0,0,0,0
images\853.png,0,0,0,0,0
images\854.png,0,0,0,0,0
images\855.png,0,0,0,0,0
images\856.png,0,0,0,0,0
images\857.png,0,0,0,0,0
images\858.png,0,0,0,0,0
images\859.png,0,0,0,0,0
images\860.png,0,0,0,0,0
images\861.png,0,0,0,0,0
images\862.png,0,0,0,0,0
images\863.png,0,0,0,0,0
images\864.png,0,0,0,0,0
images\865.png,0,0,0,0,0
images\866.png,0,0,0,0,0
images\867.png,0,0,0,0,0
images\868.png,0,0,0,0,0
images\869.png,0,0,0,0,0
images\870.png,0,0,0,0,0
images\871.png,0,0,0,0,0
images\872.png,0,0,0,0,0
images\873.png,0,0,0,0,0
images\874.png,0,0,0,0,0
images\875.png,0,0,0,0,0
images\876.png,0,0,0,0,0
images\877.png,0,0,0,0,0
images\878.png,0,0,0,0,0
images\879.png,0,0,0,0,0
images\880.png,0,0,0,0,0
images\881.png,0,0,0,0,0
images\882.png,0,0,0,0,0
images\883.png,0,0,0,0,0
images\884.png,0,0,0,0,0
images\885.png,0,0,0,0,0
images\886.png,0,0,0,0,0
images\887.png,0,0,0,0,0
images\888.png,0,0,0,0,0
images\889.png,0,0,0,0,0
images\890.png,0,0,0,0,0
images\891.png,0,0,0,0,0
images\892.png,0,0,0,0,0
images\893.png,0,0,0,0,0
images\894.png,0,0,0,0,0
images\895.png,0,0,0,0,0
images\896.png,0,0,0,0,0
images\897.png,0,0,0,0,0
images\898.png,0,0,0,0,0
images\899.png,0,0,0,0,0
images\900.png,0,0,0,0,0
images\901.png,0,0,0,0,0
images\902.png,0,0,0,0,0
images\903.png,0,0,0,0,0
images\904.png,0,0,0,0,0
images\905.png,0,0,0,0,0
images\906.png,0,0,0,0,0
images\907.png,0,0,0,0,0
images\908.png,0,0,0,0,0
images\909.png,0,0,0,0,0
images\910.png,0,0,0,0,0
images\911.png,0,0,0,0,0
images\912.png,0,0,0,0,0
images\913.png,0,0,0,0,0
images\914.png,0,0,0,0,0
images\915.png,0,0,0,0,0
images\916.png,0,0,0,0,0
images\917.png,0,0,0,0,0
images\918.png,0,0,0,0,0
images\919.png,0,0,0,0,0
images\920.png,0,0,0,0,0
images\921.png,0,0,0,0,0
images\922.png,0,0,0,0,0
images\923.png,0,0,0,0,0
images\924.png,0,0,0,0,0
images\925.png,0,0,0,0,0
images\926.png,0,0,0,0,0
images\927.png,0,0,0,0,0
images\928.png,0,0,0,0,0
images\929.png,0,0,0,0,0
images\930.png,0,0,0,0,0
images\931.png,0,0,0,0,0
images\932.png,0,0,0,0,0
images\933.png,0,0,0,0,0
images\934.png,0,0,0,0,0
images\935.png,0,0,0,0,0
images\936.png,0,0,0,0,0
images\937.png,0,0,0,0,0
images\938.png,0,0,0,0,0
images\939.png,0,0,0,0,0
images\940.png,0,0,0,0,0
images\941.png,0,0,0,0,0
images\942.png,0,0,0,0,0
images\943.png,0,0,0,0,0
images\944.png,0,0,0,0,0
images\945.png,0,0,0,0,0
images\946.png,0,0,0,0,0
images\947.png,0,0,0,0,0
images\948.png,0,0,0,0,0
images\949.png,0,0,0,0,0
images\950.png,0,0,0,0,0
images\951.png,0,0,0,0,0
images\952.png,0,0,0,0,0
images\953.png,0,0,0,0,0
images\954.png,0,0,0,0,0
images\955.png,0,0,0,0,0
images\956.png,0,0,0,0,0
images\957.png,0,0,0,0,0
images\958.png,0,0,0,0,0
images\959.png,0,0,0,0,0
images\960.png,0,0,0,0,0
images\961.png,0,0,0,0,0
images\962.png,0,0,0,0,0
images\963.png,0,0,0,0,0
images\964.png,0,0,0,0,0
images\965.png,0,0,0,0,0
images\966.png,0,0,0,0,0
images\967.png,0,0,0,0,0
images\968.png,0,0,0,0,0
images\969.png,0,0,0,0,0
images\970.png,0,0,0,0,0
images\971.png,0,0,0,0,0
images\972.png,0,0,0,0,0
images\973.png,0,0,0,0,0
images\974.png,0,0,0,0,0
images\975.png,0,0,0,0,0
images\976.png,0,0,0,0,0
images\977.png,0,0,0,0,0
images\978.png,0,0,0,0,0
images\979.png,0,0,0,0,0
images\980.png,0,0,0,0,0
images\981.png,0,0,0,0,0
images\982.png,0,0,0,0,0
images\983.png,0,0,0,0,0
images\984.png,0,0,0,0,0
images\985.png,0,0,0,0,0
images\986.png,0,0,0,0,0
images\987.png,0,0,0,0,0
images\988.png,0,0,0,0,0
images\989.png,0,0,0,0,0
images\990.png,0,0,0,0,0
images\991.png,0,0,0,0,0
images\992.png,0,0,0,0,0
images\993.png,0,0,0,0,0
images\994.png,0,0,0,0,0
images\995.png,0,0,0,0,0
images\996.png,0,0,0,0,0
images\997.png,0,0,0,0,0
images\998.png,0,0,0,0,0
images\999.png,0,0,0,0,0
images\1000.png,0,0,0,0,0
images\1001.png,0,0,0,0,0
images\1002.png,0,0,0,0,0
images\1003.png,0,0,0,0,0
images\1004.png,0,0,0,0,0
images\1005.png,0,0,0,0,0
images\1006.png,0,0,0,0,0
images\1007.png,0,0,0,0,0
images\1008.png,0,0,0,0,0
images\1009.png,0,0,0,0,0
images\1010.png,0,0,0,0,0
images\1011.png,0,0,0,0,0
images\1012.png,0,0,0,0,0
images\1013.png,0,0,0,0,0
images\1014.png,0,0,0,0,0
images\1015.png,0,0,0,0,0
images\1016.png,0,0,0,0,0
images\1017.png,0,0,0,0,0
images\1018.png,0,0,0,0,0
images\1019.png,0,0,0,0,0
images\1020.png,0,0,0,0,0
images\1021.png,0,0,0,0,0
images\1022.png,0,0,0,0,0
images\1023.png,0,0,0,0,0
images\1024.png,0,0,0,0,0
images\1025.png,0,0,0,0,0
images\1026.png,0,0,0,0,0
images\1027.png,0,0,0,0,0
images\1028.png,0,0,0,0,0
images\1029.png,0,0,0,0,0
images\1030.png,0,0,0,0,0
images\1031.png,0,0,0,0,0
images\1032.png,0,0,0,0,0
images\1033.png,0,0,0,0,0
images\1034.png,0,0,0,0,0
images\1035.png,0,0,0,0,0
images\1036.png,0,0,0,0,0
images\1037.png,0,0,0,0,0
images\1038.png,0,0,0,0,0
images\1039.png,0,0,0,0,0
images\1040.png,0,0,0,0,0
images\1041.png,0,0,0,0,0
images\1042.png,0,0,0,0,0
images\1043.png,0,0,0,0,0
images\1044.png,0,0,0,0,0
images\1045.png,0,0,0,0,0
images\1046.png,0,0,0,0,0
images\1047.png,0,0,0,0,0
images\1048.png,0,0,0,0,0
images\1049.png,0,0,0,0,0
images\1050.png,0,0,0,0,0
images\1051.png,0,0,0,0,0
images\1052.png,0,0,0,0,0
images\1053.png,0,0,0,0,0
images\1054.png,0,0,0,0,0
images\1055.png,0,0,0,0,0
images\1056.png,0,0,0,0,0
images\1057.png,0,0,0,0,0
images\1058.png,0,0,0,0,0
images\1059.png,0,0,0,0,0
images\1060.png,0,0,0,0,0
images\1061.png,0,0,0,0,0
images\1062.png,0,0,0,0,0
images\1063.png,0,0,0,0,0
images\1064.png,0,0,0,0,0
images\1065.png,0,0,0,0,0
images\1066.png,0,0,0,0,0
images\1067.png,0,0,0,0,0
images\1068.png,0,0,0,0,0
images\1069.png,0,0,0,0,0
images\1070.png,0,0,0,0,0
images\1071.png,0,0,0,0,0
images\1072.png,0,0,0,0,0
images\1073.png,0,0,0,0,0
images\1074.png,0,0,0,0,0
images\1075.png,0,0,0,0,0
images\1076.png,0,0,0,0,0
images\1077.png,0,0,0,0,0
images\1078.png,0,0,0,0,0
images\1079.png,0,0,0,0,0
images\1080.png,0,0,0,0,0
images\1081.png,0,0,0,0,0
images\1082.png,0,0,0,0,0
images\1083.png,0,0,0,0,0
images\1084.png,0,0,0,0,0
images\1085.png,0,0,0,0,0
images\1086.png,0,0,0,0,0
images\1087.png,0,0,0,0,0
images\1088.png,0,0,0,0,0
images\1089.png,0,0,0,0,0
images\1090.png,0,0,0,0,0
images\1091.png,0,0,0,0,0
images\1092.png,0,0,0,0,0
images\1093.png,0,0,0,0,0
images\1094.png,0,0,0,0,0
images\1095.png,0,0,0,0,0
images\1096.png,0,0,0,0,0
images\1097.png,0,0,0,0,0
images\1098.png,0,0,0,0,0
images\1099.png,0,0,0,0,0
images\1100.png,0,0,0,0,0
images\1101.png,0,0,0,0,0
images\1102.png,0,0,0,0,0
images\1103.png,0,0,0,0,0
images\1104.png,0,0,0,0,0
images\1105.png,0,0,0,0,0
images\1106.png,0,0,0,0,0
images\1107.png,0,0,0,0,0
images\1108.png,0,0,0,0,0
images\1109.png,0,0,0,0,0
images\1110.png,0,0,0,0,0
images\1111.png,0,0,0,0,0
images\1112.png,0,0,0,0,0
images\1113.png,0,0,0,0,0
images\1114.png,0,0,0,0,0
images\1115.png,0,0,0,0,0
images\1116.png,0,0,0,0,0
images\1117.png,0,0,0,0,0
images\1118.png,0,0,0,0,0
images\1119.png,0,0,0,0,0
images\1120.png,0,0,0,0,0
images\1121.png,0,0,0,0,0
images\1122.png,0,0,0,0,0
images\1123.png,0,0,0,0,0
images\1124.png,0,0,0,0,0
images\1125.png,0,0,0,0,0
images\1126.png,0,0,0,0,0
images\1127.png,0,0,0,0,0
images\1128.png,0,0,0,0,0
images\1129.png,0,0,0,0,0
images\1130.png,0,0,0,0,0
images\1131.png,0,0,0,0,0
images\1132.png,0,0,0,0,0
images\1133.png,0,0,0,0,0
images\1134.png,0,0,0,0,0
images\1135.png,0,0,0,0,0
images\1136.png,0,0,0,0,0
images\1137.png,0,0,0,0,0
images\1138.png,0,0,0,0,0
images\1139.png,0,0,0,0,0
images\1140.png,0,0,0,0,0
images\1141.png,0,0,0,0,0
images\1142.png,0,0,0,0,0
images\1143.png,0,0,0,0,0
images\1144.png,0,0,0,0,0
images\1145.png,0,0,0,0,0
images\1146.png,0,0,0,0,0
images\1147.png,0,0,0,0,0
images\1148.png,0,0,0,0,0
images\1149.png,0,0,0,0,0
images\1150.png,0,0,0,0,0
images\1151.png,0,0,0,0,0
images\1152.png,0,0,0,0,0
images\1153.png,0,0,0,0,0
images\1154.png,0,0,0,0,0
images\1155.png,0,0,0,0,0
images\1156.png,0,0,0,0,0
images\1157.png,0,0,0,0,0
images\1158.png,0,0,0,0,0
images\1159.png,0,0,0,0,0
images\1160.png,0,0,0,0,0
images\1161.png,0,0,0,0,0
images\1162.png,0,0,0,0,0
images\1163.png,0,0,0,0,0
images\1164.png,0,0,0,0,0
images\1165.png,0,0,0,0,0
images\1166.png,0,0,0,0,0
images\1167.png,0,0,0,0,0
images\1168.png,0,0,0,0,0
images\1169.png,0,0,0,0,0
images\1170.png,0,0,0,0,0
images\1171.png,0,0,0,0,0
images\1172.png,0,0,0,0,0
images\1173.png,0,0,0,0,0
images\1174.png,0,0,0,0,0
images\1175.png,0,0,0,0,0
images\1176.png,0,0,0,0,0
images\1177.png,0,0,0,0,0
images\1178.png,0,0,0,0,0
images\1179.png,0,0,0,0,0
images\1180.png,0,0,0,0,0
images\1181.png,0,0,0,0,0
images\1182.png,0,0,0,0,0
images\1183.png,0,0,0,0,0
images\1184.png,0,0,0,0,0
images\1185.png,0,0,0,0,0
images\1186.png,0,0,0,0,0
images\1187.png,0,0,0,0,0
images\1188.png,0,0,0,0,0
images\1189.png,0,0,0,0,0
images\1190.png,0,0,0,0,0
images\1191.png,0,0,0,0,0
images\1192.png,0,0,0,0,0
images\1193.png,0,0,0,0,0
images\1194.png,0,0,0,0,0
images\1195.png,0,0,0,0,0
images\1196.png,0,0,0,0,0
images\1197.png,0,0,0,0,0
images\1198.png,0,0,0,0,0
images\1199.png,0,0,0,0,0
images\1200.png,0,0,0,0,0
images\1201.png,0,0,0,0,0
images\1202.png,0,0,0,0,0
images\1203.png,0,0,0,0,0
images\1204.png,0,0,0,0,0
images\1205.png,0,0,0,0,0
images\1206.png,0,0,0,0,0
images\1207.png,0,0,0,0,0
images\1208.png,0,0,0,0,0
images\1209.png,0,0,0,0,0
images\1210.png,0,0,0,0,0
images\1211.png,0,0,0,0,0
images\1212.png,0,0,0,0,0
images\1213.png,0,0,0,0,0
images\1214.png,0,0,0,0,0
images\1215.png,0,0,0,0,0
images\1216.png,0,0,0,0,0
images\1217.png,0,0,0,0,0
images\1218.png,0,0,0,0,0
images\1219.png,0,0,0,0,0
images\1220.png,0,0,0,0,0
images\1221.png,0,0,0,0,0
images\1222.png,0,0,0,0,0
images\1223.png,0,0,0,0,0
images\1224.png,0,0,0,0,0
images\1225.png,0,0,0,0,0
images\1226.png,0,0,0,0,0
images\1227.png,0,0,0,0,0
images\1228.png,0,0,0,0,0
images\1229.png,0,0,0,0,0
images\1230.png,0,0,0,0,0
images\1231.png,0,0,0,0,0
images\1232.png,0,0,0,0,0
images\1233.png,0,0,0,0,0
images\1234.png,0,0,0,0,0
images\1235.png,0,0,0,0,0
images\1236.png,0,0,0,0,0
images\1237.png,0,0,0,0,0
images\1238.png,0,0,0,0,0
images\1239.png,0,0,0,0,0
images\1240.png,0,0,0,0,0
images\1241.png,0,0,0,0,0
images\1242.png,0,0,0,0,0
images\1243.png,0,0,0,0,0
images\1244.png,0,0,0,0,0
images\1245.png,0,0,0,0,0
images\1246.png,0,0,0,0,0
images\1247.png,0,0,0,0,0
images\1248.png,0,0,0,0,0
images\1249.png,0,0,0,0,0
images\1250.png,0,0,0,0,0
images\1251.png,0,0,0,0,0
images\1252.png,0,0,0,0,0
images\1253.png,0,0,0,0,0
images\1254.png,0,0,0,0,0
images\1255.png,0,0,0,0,0
images\1256.png,0,0,0,0,0
images\1257.png,0,0,0,0,0
images\1258.png,0,0,0,0,0
images\1259.png,0,0,0,0,0
images\1260.png,0,0,0,0,0
images\1261.png,0,0,0,0,0
images\1262.png,0,0,0,0,0
images\1263.png,0,0,0,0,0
images\1264.png,0,0,0,0,0
images\1265.png,0,0,0,0,0
images\1266.png,0,0,0,0,0
images\1267.png,0,0,0,0,0
images\1268.png,0,0,0,0,0
images\1269.png,0,0,0,0,0
images\1270.png,0,0,0,0,0
images\1271.png,0,0,0,0,0
images\1272.png,0,0,0,0,0
images\1273.png,0,0,0,0,0
images\1274.png,0,0,0,0,0
images\1275.png,0,0,0,0,0
images\1276.png,0,0,0,0,0
images\1277.png,0,0,0,0,0
images\1278.png,0,0,0,0,0
images\1279.png,0,0,0,0,0
images\1280.png,0,0,0,0,0
images\1281.png,0,0,0,0,0
images\1282.png,0,0,0,0,0
images\1283.png,0,0,0,0,0
images\1284.png,0,0,0,0,0
images\1285.png,0,0,0,0,0
images\1286.png,0,0,0,0,0
images\1287.png,0,0,0,0,0
images\1288.png,0,0,0,0,0
images\1289.png,0,0,0,0,0
images\1290.png,0,0,0,0,0
images\1291.png,0,0,0,0,0
images\1292.png,0,0,0,0,0
images\1293.png,0,0,0,0,0
images\1294.png,0,0,0,0,0
images\1295.png,0,0,0,0,0
images\1296.png,0,0,0,0,0
images\1297.png,0,0,0,0,0
images\1298.png,0,0,0,0,0
images\1299.png,0,0,0,0,0
images\1300.png,0,0,0,0,0
images\1301.png,0,0,0,0,0
images\1302.png,0,0,0,0,0
images\1303.png,0,0,0,0,0
images\1304.png,0,0,0,0,0
images\1305.png,0,0,0,0,0
images\1306.png,0,0,0,0,0
images\1307.png,0,0,0,0,0
images\1308.png,0,0,0,0,0
images\1309.png,0,0,0,0,0
images\1310.png,0,0,0,0,0
images\1311.png,0,0,0,0,0
images\1312.png,0,0,0,0,0
images\1313.png,0,0,0,0,0
images\1314.png,0,0,0,0,0
images\1315.png,0,0,0,0,0
images\1316.png,0,0,0,0,0
images\1317.png,0,0,0,0,0
images\1318.png,0,0,0,0,0
images\1319.png,0,0,0,0,0
images\1320.png,0,0,0,0,0
images\1321.png,0,0,0,0,0
images\1322.png,0,0,0,0,0
images\1323.png,0,0,0,0,0
images\1324.png,0,0,0,0,0
images\1325.png,0,0,0,0,0
images\1326.png,0,0,0,0,0
images\1327.png,0,0,0,0,0
images\1328.png,0,0,0,0,0
images\1329.png,0,0,0,0,0
images\1330.png,0,0,0,0,0
images\1331.png,0,0,0,0,0
images\1332.png,0,0,0,0,0
images\1333.png,0,0,0,0,0
images\1334.png,0,0,0,0,0
images\1335.png,0,0,0,0,0
images\1336.png,0,0,0,0,0
images\1337.png,0,0,0,0,0
images\1338.png,0,0,0,0,0
images\1339.png,0,0,0,0,0
images\1340.png,0,0,0,0,0
images\1341.png,0,0,0,0,0
images\1342.png,0,0,0,0,0
images\1343.png,0,0,0,0,0
images\1344.png,0,0,0,0,0
images\1345.png,0,0,0,0,0
images\1346.png,0,0,0,0,0
images\1347.png,0,0,0,0,0
images\1348.png,0,0,0,0,0
images\1349.png,0,0,0,0,0
images\1350.png,0,0,0,0,0
images\1351.png,0,0,0,0,0
images\1352.png,0,0,0,0,0
images\1353.png,0,0,0,0,0
images\1354.png,0,0,0,0,0
images\1355.png,0,0,0,0,0
images\1356.png,0,0,0,0,0
images\1357.png,0,0,0,0,0
images\1358.png,0,0,0,0,0
images\1359.png,0,0,0,0,0
images\1360.png,0,0,0,0,0
images\1361.png,0,0,0,0,0
images\1362.png,0,0,0,0,0
images\1363.png,0,0,0,0,0
images\1364.png,0,0,0,0,0
images\1365.png,0,0,0,0,0
images\1366.png,0,0,0,0,0
images\1367.png,0,0,0,0,0
images\1368.png,0,0,0,0,0
images\1369.png,0,0,0,0,0
images\1370.png,0,0,0,0,0
images\1371.png,0,0,0,0,0
images\1372.png,0,0,0,0,0
images\1373.png,0,0,0,0,0
images\1374.png,0,0,0,0,0
images\1375.png,0,0,0,0,0
images\1376.png,0,0,0,0,0
images\1377.png,0,0,0,0,0
images\1378.png,0,0,0,0,0
images\1379.png,0,0,0,0,0
images\1380.png,0,0,0,0,0
images\1381.png,0,0,0,0,0
images\1382.png,0,0,0,0,0
images\1383.png,0,0,0,0,0
images\1384.png,0,0,0,0,0
images\1385.png,0,0,0,0,0
images\1386.png,0,0,0,0,0
images\1387.png,0,0,0,0,0
images\1388.png,0,0,0,0,0
images\1389.png,0,0,0,0,0
images\1390.png,0,0,0,0,0
images\1391.png,0,0,0,0,0
images\1392.png,0,0,0,0,0
images\1393.png,0,0,0,0,0
images\1394.png,0,0,0,0,0
images\1395.png,0,0,0,0,0
images\1396.png,0,0,0,0,0
images\1397.png,0,0,0,0,0
images\1398.png,0,0,0,0,0
images\1399.png,0,0,0,0,0
images\1400.png,0,0,0,0,0
images\1401.png,0,0,0,0,0
images\1402.png,0,0,0,0,0
images\1403.png,0,0,0,0,0
images\1404.png,0,0,0,0,0
images\1405.png,0,0,0,0,0
images\1406.png,0,0,0,0,0
images\1407.png,0,0,0,0,0
images\1408.png,0,0,0,0,0
images\1409.png,0,0,0,0,0
images\1410.png,0,0,0,0,0
images\1411.png,0,0,0,0,0
images\1412.png,0,0,0,0,0
images\1413.png,0,0,0,0,0
images\1414.png,0,0,0,0,0
images\1415.png,0,0,0,0,0
images\1416.png,0,0,0,0,0
images\1417.png,0,0,0,0,0
images\1418.png,0,0,0,0,0
images\1419.png,0,0,0,0,0
images\1420.png,0,0,0,0,0
images\1421.png,0,0,0,0,0
images\1422.png,0,0,0,0,0
images\1423.png,0,0,0,0,0
images\1424.png,0,0,0,0,0
images\1425.png,0,0,0,0,0
images\1426.png,0,0,0,0,0
images\1427.png,0,0,0,0,0
images\1428.png,0,0,0,0,0
images\1429.png,0,0,0,0,0
images\1430.png,0,0,0,0,0
images\1431.png,0,0,0,0,0
images\1432.png,0,0,0,0,0
images\1433.png,0,0,0,0,0
images\1434.png,0,0,0,0,0
images\1435.png,0,0,0,0,0
images\1436.png,0,0,0,0,0
images\1437.png,0,0,0,0,0
images\1438.png,0,0,0,0,0
images\1439.png,0,0,0,0,0
images\1440.png,0,0,0,0,0
images\1441.png,0,0,0,0,0
images\1442.png,0,0,0,0,0
images\1443.png,0,0,0,0,0
images\1444.png,0,0,0,0,0
images\1445.png,0,0,0,0,0
images\1446.png,0,0,0,0,0
images\1447.png,0,0,0,0,0
images\1448.png,0,0,0,0,0
images\1449.png,0,0,0,0,0
images\1450.png,0,0,0,0,0
images\1451.png,0,0,0,0,0
images\1452.png,0,0,0,0,0
images\1453.png,0,0,0,0,0
images\1454.png,0,0,0,0,0
images\1455.png,0,0,0,0,0
images\1456.png,0,0,0,0,0
images\1457.png,0,0,0,0,0
images\1458.png,0,0,0,0,0
images\1459.png,0,0,0,0,0
images\1460.png,0,0,0,0,0
images\1461.png,0,0,0,0,0
images\1462.png,0,0,0,0,0
images\1463.png,0,0,0,0,0
images\1464.png,0,0,0,0,0
images\1465.png,0,0,0,0,0
images\1466.png,0,0,0,0,0
images\1467.png,0,0,0,0,0
images\1468.png,0,0,0,0,0
images\1469.png,0,0,0,0,0
images\1470.png,0,0,0,0,0
images\1471.png,0,0,0,0,0
images\1472.png,0,0,0,0,0
images\1473.png,0,0,0,0,0
images\1474.png,0,0,0,0,0
images\1475.png,0,0,0,0,0
images\1476.png,0,0,0,0,0
images\1477.png,0,0,0,0,0
images\1478.png,0,0,0,0,0
images\1479.png,0,0,0,0,0
images\1480.png,0,0,0,0,0
images\1481.png,0,0,0,0,0
images\1482.png,0,0,0,0,0
images\1483.png,0,0,0,0,0
images\1484.png,0,0,0,0,0
images\1485.png,0,0,0,0,0
images\1486.png,0,0,0,0,0
images\1487.png,0,0,0,0,0
images\1488.png,0,0,0,0,0
images\1489.png,0,0,0,0,0
images\1490.png,0,0,0,0,0
images\1491.png,0,0,0,0,0
images\1492.png,0,0,0,0,0
images\1493.png,0,0,0,0,0
images\1494.png,0,0,0,0,0
images\1495.png,0,0,0,0,0
images\1496.png,0,0,0,0,0
images\1497.png,0,0,0,0,0
images\1498.png,0,0,0,0,0
images\1499.png,0,0,0,0,0
images\1500.png,0,0,0,0,0
images\1501.png,0,0,0,0,0
images\1502.png,0,0,0,0,0
images\1503.png,0,0,0,0,0
images\1504.png,0,0,0,0,0
images\1505.png,0,0,0,0,0
images\1506.png,0,0,0,0,0
images\1507.png,0,0,0,0,0
images\1508.png,0,0,0,0,0
images\1509.png,0,0,0,0,0
images\1510.png,0,0,0,0,0
images\1511.png,0,0,0,0,0
images\1512.png,0,0,0,0,0
images\1513.png,0,0,0,0,0
images\1514.png,0,0,0,0,0
images\1515.png,0,0,0,0,0
images\1516.png,0,0,0,0,0
images\1517.png,0,0,0,0,0
images\1518.png,0,0,0,0,0
images\1519.png,0,0,0,0,0
images\1520.png,0,0,0,0,0
images\1521.png,0,0,0,0,0
images\1522.png,0,0,0,0,0
images\1523.png,0,0,0,0,0
images\1524.png,0,0,0,0,0
images\1525.png,0,0,0,0,0
images\1526.png,0,0,0,0,0
images\1527.png,0,0,0,0,0
images\1528.png,0,0,0,0,0
images\1529.png,0,0,0,0,0
images\1530.png,0,0,0,0,0
images\1531.png,0,0,0,0,0
images\1532.png,0,0,0,0,0
images\1533.png,0,0,0,0,0
images\1534.png,0,0,0,0,0
images\1535.png,0,0,0,0,0
images\1536.png,0,0,0,0,0
images\1537.png,0,0,0,0,0
images\1538.png,0,0,0,0,0
images\1539.png,0,0,0,0,0
images\1540.png,0,0,0,0,0
images\1541.png,0,0,0,0,0
images\1542.png,0,0,0,0,0
images\1543.png,0,0,0,0,0
images\1544.png,0,0,0,0,0
images\1545.png,0,0,0,0,0
images\1546.png,0,0,0,0,0
images\1547.png,0,0,0,0,0
images\1548.png,0,0,0,0,0
images\1549.png,0,0,0,0,0
images\1550.png,0,0,0,0,0
images\1551.png,0,0,0,0,0
images\1552.png,0,0,0,0,0
images\1553.png,0,0,0,0,0
images\1554.png,0,0,0,0,0
images\1555.png,0,0,0,0,0
images\1556.png,0,0,0,0,0
images\1557.png,0,0,0,0,0
images\1558.png,0,0,0,0,0
images\1559.png,0,0,0,0,0
images\1560.png,0,0,0,0,0
images\1561.png,0,0,0,0,0
images\1562.png,0,0,0,0,0
images\1563.png,0,0,0,0,0
images\1564.png,0,0,0,0,0
images\1565.png,0,0,0,0,0
images\1566.png,0,0,0,0,0
images\1567.png,0,0,0,0,0
images\1568.png,0,0,0,0,0
images\1569.png,0,0,0,0,0
images\1570.png,0,0,0,0,0
images\1571.png,0,0,0,0,0
images\1572.png,0,0,0,0,0
images\1573.png,0,0,0,0,0
images\1574.png,0,0,0,0,0
images\1575.png,0,0,0,0,0
images\1576.png,0,0,0,0,0
images\1577.png,0,0,0,0,0
images\1578.png,0,0,0,0,0
images\1579.png,0,0,0,0,0
images\1580.png,0,0,0,0,0
images\1581.png,0,0,0,0,0
images\1582.png,0,0,0,0,0
images\1583.png,0,0,0,0,0
images\1584.png,0,0,0,0,0
images\1585.png,0,0,0,0,0
images\1586.png,0,0,0,0,0
images\1587.png,0,0,0,0,0
images\1588.png,0,0,0,0,0
images\1589.png,0,0,0,0,0
images\1590.png,0,0,0,0,0
images\1591.png,0,0,0,0,0
images\1592.png,0,0,0,0,0
images\1593.png,0,0,0,0,0
images\1594.png,0,0,0,0,0
images\1595.png,0,0,0,0,0
images\1596.png,0,0,0,0,0
images\1597.png,0,0,0,0,0
images\1598.png,0,0,0,0,0
images\1599.png,0,0,0,0,0
images\1600.png,0,0,0,0,0
images\1601.png,0,0,0,0,0
images\1602.png,0,0,0,0,0
images\1603.png,0,0,0,0,0
images\1604.png,0,0,0,0,0
images\1605.png,0,0,0,0,0
images\1606.png,0,0,0,0,0
images\1607.png,0,0,0,0,0
images\1608.png,0,0,0,0,0
images\1609.png,0,0,0,0,0
images\1610.png,0,0,0,0,0
images\1611.png,0,0,0,0,0
images\1612.png,0,0,0,0,0
images\1613.png,0,0,0,0,0
images\1614.png,0,0,0,0,0
images\1615.png,0,0,0,0,0
images\1616.png,0,0,0,0,0
images\1617.png,0,0,0,0,0
images\1618.png,0,0,0,0,0
images\1619.png,0,0,0,0,0
images\1620.png,0,0,0,0,0
images\1621.png,0,0,0,0,0
images\1622.png,0,0,0,0,0
images\1623.png,0,0,0,0,0
images\1624.png,0,0,0,0,0
images\1625.png,0,0,0,0,0
images\1626.png,0,0,0,0,0
images\1627.png,0,0,0,0,0
images\1628.png,0,0,0,0,0
images\1629.png,0,0,0,0,0
images\1630.png,0,0,0,0,0
images\1631.png,0,0,0,0,0
images\1632.png,0,0,0,0,0
images\1633.png,0,0,0,0,0
images\1634.png,0,0,0,0,0
images\1635.png,0,0,0,0,0
images\1636.png,0,0,0,0,0
images\1637.png,0,0,0,0,0
images\1638.png,0,0,0,0,0
images\1639.png,0,0,0,0,0
images\1640.png,0,0,0,0,0
images\1641.png,0,0,0,0,0
images\1642.png,0,0,0,0,0
images\1643.png,0,0,0,0,0
images\1644.png,0,0,0,0,0
images\1645.png,0,0,0,0,0
images\1646.png,0,0,0,0,0
images\1647.png,0,0,0,0,0
images\1648.png,0,0,0,0,0
images\1649.png,0,0,0,0,0
images\1650.png,0,0,0,0,0
images\1651.png,0,0,0,0,0
images\1652.png,0,0,0,0,0
images\1653.png,0,0,0,0,0
images\1654.png,0,0,0,0,0
images\1655.png,0,0,0,0,0
images\1656.png,0,0,0,0,0
images\1657.png,0,0,0,0,0
images\1658.png,0,0,0,0,0
images\1659.png,0,0,0,0,0
images\1660.png,0,0,0,0,0
images\1661.png,0,0,0,0,0
images\1662.png,0,0,0,0,0
images\1663.png,0,0,0,0,0
images\1664.png,0,0,0,0,0
images\1665.png,0,0,0,0,0
images\1666.png,0,0,0,0,0
images\1667.png,0,0,0,0,0
images\1668.png,0,0,0,0,0
images\1669.png,0,0,0,0,0
images\1670.png,0,0,0,0,0
images\1671.png,0,0,0,0,0
images\1672.png,0,0,0,0,0
images\1673.png,0,0,0,0,0
images\1674.png,0,0,0,0,0
images\1675.png,0,0,0,0,0
images\1676.png,0,0,0,0,0
images\1677.png,0,0,0,0,0
images\1678.png,0,0,0,0,0
images\1679.png,0,0,0,0,0
images\1680.png,0,0,0,0,0
images\1681.png,0,0,0,0,0
images\1682.png,0,0,0,0,0
images\1683.png,0,0,0,0,0
images\1684.png,0,0,0,0,0
images\1685.png,0,0,0,0,0
images\1686.png,0,0,0,0,0
images\1687.png,0,0,0,0,0
images\1688.png,0,0,0,0,0
images\1689.png,0,0,0,0,0
images\1690.png,0,0,0,0,0
images\1691.png,0,0,0,0,0
images\1692.png,0,0,0,0,0
images\1693.png,0,0,0,0,0
images\1694.png,0,0,0,0,0
images\1695.png,0,0,0,0,0
images\1696.png,0,0,0,0,0
images\1697.png,0,0,0,0,0
images\1698.png,0,0,0,0,0
images\1699.png,0,0,0,0,0
images\1700.png,0,0,0,0,0
images\1701.png,0,0,0,0,0
images\1702.png,0,0,0,0,0
images\1703.png,0,0,0,0,0
images\1704.png,0,0,0,0,0
images\1705.png,0,0,0,0,0
images\1706.png,0,0,0,0,0
images\1707.png,0,0,0,0,0
images\1708.png,0,0,0,0,0
images\1709.png,0,0,0,0,0
images\1710.png,0,0,0,0,0
images\1711.png,0,0,0,0,0
images\1712.png,0,0,0,0,0
images\1713.png,0,0,0,0,0
images\1714.png,0,0,0,0,0
images\1715.png,0,0,0,0,0
images\1716.png,0,0,0,0,0
images\1717.png,0,0,0,0,0
images\1718.png,0,0,0,0,0
images\1719.png,0,0,0,0,0
images\1720.png,0,0,0,0,0
images\1721.png,0,0,0,0,0
images\1722.png,0,0,0,0,0
images\1723.png,0,0,0,0,0
images\1724.png,0,0,0,0,0
images\1725.png,0,0,0,0,0
images\1726.png,0,0,0,0,0
images\1727.png,0,0,0,0,0
images\1728.png,0,0,0,0,0
images\1729.png,0,0,0,0,0
images\1730.png,0,0,0,0,0
images\1731.png,0,0,0,0,0
images\1732.png,0,0,0,0,0
images\1733.png,0,0,0,0,0
images\1734.png,0,0,0,0,0
images\1735.png,0,0,0,0,0
images\1736.png,0,0,0,0,0
images\1737.png,0,0,0,0,0
images\1738.png,0,0,0,0,0
images\1739.png,0,0,0,0,0
images\1740.png,0,0,0,0,0
images\1741.png,0,0,0,0,0
images\1742.png,0,0,0,0,0
images\1743.png,0,0,0,0,0
images\1744.png,0,0,0,0,0
images\1745.png,0,0,0,0,0
images\1746.png,0,0,0,0,0
images\1747.png,0,0,0,0,0
images\1748.png,0,0,0,0,0
images\1749.png,0,0,0,0,0
images\1750.png,0,0,0,0,0
images\1751.png,0,0,0,0,0
images\1752.png,0,0,0,0,0
images\1753.png,0,0,0,0,0
images\1754.png,0,0,0,0,0
images\1755.png,0,0,0,0,0
images\1756.png,0,0,0,0,0
images\1757.png,0,0,0,0,0
images\1758.png,0,0,0,0,0
images\1759.png,0,0,0,0,0
images\1760.png,0,0,0,0,0
images\1761.png,0,0,0,0,0
images\1762.png,0,0,0,0,0
images\1763.png,0,0,0,0,0
images\1764.png,0,0,0,0,0
images\1765.png,0,0,0,0,0
images\1766.png,0,0,0,0,0
images\1767.png,0,0,0,0,0
images\1768.png,0,0,0,0,0
images\1769.png,0,0,0,0,0
images\1770.png,0,0,0,0,0
images\1771.png,0,0,0,0,0
images\1772.png,0,0,0,0,0
images\1773.png,0,0,0,0,0
images\1774.png,0,0,0,0,0
images\1775.png,0,0,0,0,0
images\1776.png,0,0,0,0,0
images\1777.png,0,0,0,0,0
images\1778.png,0,0,0,0,0
images\1779.png,0,0,0,0,0
images\1780.png,0,0,0,0,0
images\1781.png,0,0,0,0,0
images\1782.png,0,0,0,0,0
images\1783.png,0,0,0,0,0
images\1784.png,0,0,0,0,0
images\1785.png,0,0,0,0,0
images\1786.png,0,0,0,0,0
images\1787.png,0,0,0,0,0
images\1788.png,0,0,0,0,0
images\1789.png,0,0,0,0,0
images\1790.png,0,0,0,0,0
images\1791.png,0,0,0,0,0
images\1792.png,0,0,0,0,0
images\1793.png,0,0,0,0,0
images\1794.png,0,0,0,0,0
images\1795.png,0,0,0,0,0
images\1796.png,0,0,0,0,0
images\1797.png,0,1,0,0,0
images\1798.png,0,1,0,0,0
images\1799.png,0,1,0,0,0
images\1800.png,0,1,0,0,0
images\1801.png,0,1,0,0,0
images\1802.png,0,1,0,0,0
images\1803.png,0,1,0,0,0
images\1804.png,0,1,0,0,0
images\1805.png,0,1,0,0,0
images\1806.png,0,1,0,0,0
images\1807.png,0,1,0,0,0
images\1808.png,0,1,0,0,0
images\1809.png,0,1,0,0,0
images\1810.png,0,1,0,0,0
images\1811.png,0,1,0,0,0
images\1812.png,0,1,0,0,0
images\1813.png,0,1,0,0,0
images\1814.png,0,1,0,0,0
images\1815.png,0,1,0,0,0
images\1816.png,0,1,0,0,0
images\1817.png,0,1,0,0,0
images\1818.png,0,1,0,0,0
images\1819.png,0,1,0,0,0
images\1820.png,0,1,0,0,0
images\1821.png,0,1,0,0,0
images\1822.png,0,1,0,0,0
images\1823.png,0,1,0,0,0
images\1824.png,0,1,0,0,0
images\1825.png,0,1,0,0,0
images\1826.png,0,1,0,0,0
images\1827.png,0,1,0,0,0
images\1828.png,0,1,0,0,0
images\1829.png,0,1,0,0,0
images\1830.png,0,1,0,0,0
images\1831.png,0,1,0,0,0
images\1832.png,0,1,0,0,0
images\1833.png,0,1,0,0,0
images\1834.png,0,1,0,0,0
images\1835.png,0,1,0,0,0
images\1836.png,0,1,0,0,0
images\1837.png,0,1,0,0,0
images\1838.png,0,1,0,0,0
images\1839.png,0,1,0,0,0
images\1840.png,0,1,0,0,0
images\1841.png,0,1,0,0,0
images\1842.png,0,1,0,0,0
images\1843.png,0,1,0,0,0
images\1844.png,0,1,0,0,0
images\1845.png,0,1,0,0,0
images\1846.png,0,1,0,0,0
images\1847.png,0,1,0,0,0
images\1848.png,0,1,0,0,0
images\1849.png,0,1,0,0,0
images\1850.png,0,1,0,0,0
images\1851.png,0,1,0,0,0
images\1852.png,0,1,0,0,0
images\1853.png,0,1,0,0,0
images\1854.png,0,1,0,0,0
images\1855.png,0,1,0,0,0
images\1856.png,0,1,0,0,0
images\1857.png,0,1,0,0,0
images\1858.png,0,1,0,0,0
images\1859.png,0,1,0,0,0
images\1860.png,0,1,0,0,0
images\1861.png,0,1,0,0,0
images\1862.png,0,1,0,0,0
images\1863.png,0,1,0,0,0
images\1864.png,0,1,0,0,0
images\1865.png,0,1,0,0,0
images\1866.png,0,1,0,0,0
images\1867.png,0,1,0,0,0
images\1868.png,0,1,0,0,0
images\1869.png,0,1,0,0,0
images\1870.png,0,1,0,0,0
images\1871.png,0,1,0,0,0
images\1872.png,0,1,0,0,0
images\1873.png,0,1,0,0,0
images\1874.png,0,1,0,0,0
images\1875.png,0,1,0,0,0
images\1876.png,0,1,0,0,0
images\1877.png,0,1,0,0,0
images\1878.png,0,1,0,0,0
images\1879.png,0,1,0,0,0
images\1880.png,0,1,0,0,0
images\1881.png,0,1,0,0,0
images\1882.png,0,1,0,0,0
images\1883.png,0,1,0,0,0
images\1884.png,0,1,0,0,0
images\1885.png,0,1,0,0,0
images\1886.png,0,1,0,0,0
images\1887.png,0,1,0,0,0
images\1888.png,0,1,0,0,0
images\1889.png,0,1,0,0,0
images\1890.png,0,1,0,0,0
images\1891.png,0,1,0,0,0
images\1892.png,0,1,0,0,0
images\1893.png,0,1,0,0,0
images\1894.png,0,1,0,0,0
images\1895.png,0,1,0,0,0
images\1896.png,0,1,0,0,0
images\1897.png,0,1,0,0,0
images\1898.png,0,1,0,0,0
images\1899.png,0,1,0,0,0
images\1900.png,0,1,0,0,0
images\1901.png,0,1,0,0,0
images\1902.png,0,1,0,0,0
images\1903.png,0,1,0,0,0
images\1904.png,0,1,0,0,0
images\1905.png,0,1,0,0,0
images\1906.png,0,1,0,0,0
images\1907.png,0,1,0,0,0
images\1908.png,0,1,0,0,0
images\1909.png,0,1,0,0,0
images\1910.png,0,1,0,0,0
images\1911.png,0,1,0,0,0
images\1912.png,0,1,0,0,0
images\1913.png,0,1,0,0,0
images\1914.png,0,1,0,0,0
images\1915.png,0,1,0,0,0
images\1916.png,0,1,0,0,0
images\1917.png,0,1,0,0,0
images\1918.png,0,1,0,0,0
images\1919.png,0,1,0,0,0
images\1920.png,0,1,0,0,0
images\1921.png,0,1,0,0,0
images\1922.png,0,1,0,0,0
images\1923.png,0,1,0,0,0
images\1924.png,0,1,0,0,0
images\1925.png,0,1,0,0,0
images\1926.png,0,1,0,0,0
images\1927.png,0,1,0,0,0
images\1928.png,0,1,0,0,0
images\1929.png,0,1,0,0,0
images\1930.png,0,1,0,0,0
images\1931.png,0,1,0,0,0
images\1932.png,0,1,0,0,0
images\1933.png,0,1,0,0,0
images\1934.png,0,1,0,0,0
images\1935.png,0,1,0,0,0
images\1936.png,0,1,0,0,0
images\1937.png,0,1,0,0,0
images\1938.png,0,1,0,0,0
images\1939.png,0,1,0,0,0
images\1940.png,0,1,0,0,0
images\1941.png,0,1,0,0,0
images\1942.png,0,1,0,0,0
images\1943.png,0,1,0,0,0
images\1944.png,0,1,0,0,0
images\1945.png,0,1,0,0,0
images\1946.png,0,1,0,0,0
images\1947.png,0,1,0,0,0
images\1948.png,0,1,0,0,0
images\1949.png,0,1,0,0,0
images\1950.png,0,1,0,0,0
images\1951.png,0,1,0,0,0
images\1952.png,0,1,0,0,0
images\1953.png,0,1,0,0,0
images\1954.png,0,1,0,0,0
images\1955.png,0,1,0,0,0
images\1956.png,0,1,0,0,0
images\1957.png,0,1,0,0,0
images\1958.png,0,1,0,0,0
images\1959.png,0,1,0,0,0
images\1960.png,0,1,0,0,0
images\1961.png,0,1,0,0,0
images\1962.png,0,1,0,0,0
images\1963.png,0,1,0,0,0
images\1964.png,0,1,0,0,0
images\1965.png,0,1,0,0,0
images\1966.png,0,1,0,0,0
images\1967.png,0,1,0,0,0
images\1968.png,0,1,0,0,0
images\1969.png,0,1,0,0,0
images\1970.png,0,1,0,0,0
images\1971.png,0,1,0,0,0
images\1972.png,0,1,0,0,0
images\1973.png,0,1,0,0,0
images\1974.png,0,1,0,0,0
images\1975.png,0,1,0,0,0
images\1976.png,0,1,0,0,0
images\1977.png,0,1,0,0,0
images\1978.png,0,1,0,0,0
images\1979.png,0,1,0,0,0
images\1980.png,0,1,0,0,0
images\1981.png,0,1,0,0,0
images\1982.png,0,1,0,0,0
images\1983.png,0,1,0,0,0
images\1984.png,0,1,0,0,0
images\1985.png,0,1,0,0,0
images\1986.png,0,1,0,0,0
images\1987.png,0,1,0,0,0
images\1988.png,0,1,0,0,0
images\1989.png,0,1,0,0,0
images\1990.png,0,1,0,0,0
images\1991.png,0,1,0,0,0
images\1992.png,0,1,0,0,0
images\1993.png,0,1,0,0,0
images\1994.png,0,1,0,0,0
images\1995.png,0,1,0,0,0
images\1996.png,0,1,0,0,0
images\1997.png,0,1,0,0,0
images\1998.png,0,1,0,0,0
images\1999.png,0,1,0,0,0
images\2000.png,0,1,0,0,0
images\2001.png,0,1,0,0,0
images\2002.png,0,1,0,0,0
images\2003.png,0,1,0,0,0
images\2004.png,0,1,0,0,0
images\2005.png,0,1,0,0,0
images\2006.png,0,1,0,0,0
images\2007.png,0,1,0,0,0
images\2008.png,0,1,0,0,0
images\2009.png,0,1,0,0,0
images\2010.png,0,1,0,0,0
images\2011.png,0,1,0,0,0
images\2012.png,0,1,0,0,0
images\2013.png,0,1,0,0,0
images\2014.png,0,1,0,0,0
images\2015.png,0,1,0,0,0
images\2016.png,0,1,0,0,0
images\2017.png,0,1,0,0,0
images\2018.png,0,1,0,0,0
images\2019.png,0,1,0,0,0
images\2020.png,0,1,0,0,0
images\2021.png,0,1,0,0,0
images\2022.png,0,1,0,0,0
images\2023.png,0,1,0,0,0
images\2024.png,0,1,0,0,0
images\2025.png,0,1,0,0,0
images\2026.png,0,1,0,0,0
images\2027.png,0,1,0,0,0
images\2028.png,0,1,0,0,0
images\2029.png,0,1,0,0,0
images\2030.png,0,1,0,0,0
images\2031.png,0,1,0,0,0
images\2032.png,0,1,0,0,0
images\2033.png,0,1,0,0,0
images\2034.png,0,1,0,0,0
images\2035.png,0,1,0,0,0
images\2036.png,0,1,0,0,0
images\2037.png,0,1,0,0,0
images\2038.png,0,1,0,0,0
images\2039.png,0,1,0,0,0
images\2040.png,0,1,0,0,0
images\2041.png,0,1,0,0,0
images\2042.png,0,1,0,0,0
images\2043.png,0,1,0,0,0
images\2044.png,0,1,0,0,0
images\2045.png,0,1,0,0,0
images\2046.png,0,1,0,0,0
images\2047.png,0,1,0,0,0
images\2048.png,0,1,0,0,0
images\2049.png,0,1,0,0,0
images\2050.png,0,1,0,0,0
images\2051.png,0,1,0,0,0
images\2052.png,0,1,0,0,0
images\2053.png,0,1,0,0,0
images\2054.png,0,1,0,0,0
images\2055.png,0,1,0,0,0
images\2056.png,0,1,0,0,0
images\2057.png,0,1,0,0,0
images\2058.png,0,1,0,0,0
images\2059.png,0,1,0,0,0
images\2060.png,0,1,0,0,0
images\2061.png,0,1,0,0,0
images\2062.png,0,1,0,0,0
images\2063.png,0,1,0,0,0
images\2064.png,0,1,0,0,0
images\2065.png,0,1,0,0,0
images\2066.png,0,1,0,0,0
images\2067.png,0,1,0,0,0
images\2068.png,0,1,0,0,0
images\2069.png,0,1,0,0,0
images\2070.png,0,1,0,0,0
images\2071.png,0,1,0,0,0
images\2072.png,0,1,0,0,0
images\2073.png,0,1,0,0,0
images\2074.png,0,1,0,0,0
images\2075.png,0,1,0,0,0
images\2076.png,0,1,0,0,0
images\2077.png,0,1,0,0,0
images\2078.png,0,1,0,0,0
images\2079.png,0,1,0,0,0
images\2080.png,0,1,0,0,0
images\2081.png,0,1,0,0,0
images\2082.png,0,1,0,0,0
images\2083.png,0,1,0,0,0
images\2084.png,0,1,0,0,0
images\2085.png,0,1,0,0,0
images\2086.png,0,1,0,0,0
images\2087.png,0,1,0,0,0
images\2088.png,0,1,0,0,0
images\2089.png,0,1,0,0,0
images\2090.png,0,1,0,0,0
images\2091.png,0,1,0,0,0
images\2092.png,0,1,0,0,0
images\2093.png,0,1,0,0,0
images\2094.png,0,1,0,0,0
images\2095.png,0,1,0,0,0
images\2096.png,0,1,0,0,0
images\2097.png,0,1,0,0,0
images\2098.png,0,1,0,0,0
images\2099.png,0,1,0,0,0
images\2100.png,0,1,0,0,0
images\2101.png,0,1,0,0,0
images\2102.png,0,1,0,0,0
images\2103.png,0,1,0,0,0
images\2104.png,0,1,0,0,0
images\2105.png,0,1,0,0,0
images\2106.png,0,1,0,0,0
images\2107.png,0,1,0,0,0
images\2108.png,0,1,0,0,0
images\2109.png,0,1,0,0,0
images\2110.png,0,1,0,0,0
images\2111.png,0,1,0,0,0
images\2112.png,0,1,0,0,0
images\2113.png,0,1,0,0,0
images\2114.png,0,1,0,0,0
images\2115.png,0,1,0,0,0
images\2116.png,0,1,0,0,0
images\2117.png,0,1,0,0,0
images\2118.png,0,1,0,0,0
images\2119.png,0,1,0,0,0
images\2120.png,0,1,0,0,0
images\2121.png,0,1,0,0,0
images\2122.png,0,1,0,0,0
images\2123.png,0,1,0,0,0
images\2124.png,0,1,0,0,0
images\2125.png,0,1,0,0,0
images\2126.png,0,1,0,0,0
images\2127.png,0,1,0,0,0
images\2128.png,0,1,0,0,0
images\2129.png,0,1,0,0,0
images\2130.png,0,1,0,0,0
images\2131.png,0,1,0,0,0
images\2132.png,0,1,0,0,0
images\2133.png,0,1,0,0,0
images\2134.png,0,1,0,0,0
images\2135.png,0,1,0,0,0
images\2136.png,0,1,0,0,0
images\2137.png,0,1,0,0,0
images\2138.png,0,1,0,0,0
images\2139.png,0,1,0,0,0
images\2140.png,0,1,0,0,0
images\2141.png,0,1,0,0,0
images\2142.png,0,1,0,0,0
images\2143.png,0,1,0,0,0
images\2144.png,0,1,0,0,0
images\2145.png,0,1,0,0,0
images\2146.png,0,1,0,0,0
images\2147.png,0,1,0,0,0
images\2148.png,0,1,0,0,0
images\2149.png,0,1,0,0,0
images\2150.png,0,1,0,0,0
images\2151.png,0,1,0,0,0
images\2152.png,0,1,0,0,0
images\2153.png,0,1,0,0,0
images\2154.png,0,1,0,0,0
images\2155.png,0,1,0,0,0
images\2156.png,0,1,0,0,0
images\2157.png,0,1,0,0,0
images\2158.png,0,1,0,0,0
images\2159.png,0,1,0,0,0
images\2160.png,0,1,0,0,0
images\2161.png,0,1,0,0,0
images\2162.png,0,1,0,0,0
images\2163.png,0,1,0,0,0
images\2164.png,0,1,0,0,0
images\2165.png,0,1,0,0,0
images\2166.png,0,1,0,0,0
images\2167.png,0,1,0,0,0
images\2168.png,0,1,0,0,0
images\2169.png,0,1,0,0,0
images\2170.png,0,1,0,0,0
images\2171.png,0,1,0,0,0
images\2172.png,0,1,0,0,0
images\2173.png,0,1,0,0,0
images\2174.png,0,1,0,0,0
images\2175.png,0,1,0,0,0
images\2176.png,0,1,0,0,0
images\2177.png,0,1,0,0,0
images\2178.png,0,1,0,0,0
images\2179.png,0,1,0,0,0
images\2180.png,0,1,0,0,0
images\2181.png,0,1,0,0,0
images\2182.png,0,1,0,0,0
images\2183.png,0,1,0,0,0
images\2184.png,0,1,0,0,0
images\2185.png,0,1,0,0,0
images\2186.png,0,1,0,0,0
images\2187.png,0,1,0,0,0
images\2188.png,0,1,0,0,0
images\2189.png,0,1,0,0,0
images\2190.png,0,1,0,0,0
images\2191.png,0,1,0,0,0
images\2192.png,0,1,0,0,0
images\2193.png,0,1,0,0,0
images\2194.png,0,1,0,0,0
images\2195.png,0,1,0,0,0
images\2196.png,0,1,0,0,0
images\2197.png,0,1,0,0,0
images\2198.png,0,1,0,0,0
images\2199.png,0,1,0,0,0
images\2200.png,0,1,0,0,0
images\2201.png,0,1,0,0,0
images\2202.png,0,1,0,0,0
images\2203.png,0,1,0,0,0
images\2204.png,0,1,0,0,0
images\2205.png,0,1,0,0,0
images\2206.png,0,1,0,0,0
images\2207.png,0,1,0,0,0
images\2208.png,0,1,0,0,0
images\2209.png,0,1,0,0,0
images\2210.png,0,1,0,0,0
images\2211.png,0,1,0,0,0
images\2212.png,0,1,0,0,0
images\2213.png,0,1,0,0,0
images\2214.png,0,1,0,0,0
images\2215.png,0,1,0,0,0
images\2216.png,0,1,0,0,0
images\2217.png,0,1,0,0,0
images\2218.png,0,1,0,0,0
images\2219.png,0,1,0,0,0
images\2220.png,0,1,0,0,0
images\2221.png,0,1,0,0,0
images\2222.png,0,1,0,0,0
images\2223.png,0,1,0,0,0
images\2224.png,0,1,0,0,0
images\2225.png,0,1,0,0,0
images\2226.png,0,1,0,0,0
images\2227.png,0,1,0,0,0
images\2228.png,0,1,0,0,0
images\2229.png,0,1,0,0,0
images\2230.png,0,1,0,0,0
images\2231.png,0,1,0,0,0
images\2232.png,0,1,0,0,0
images\2233.png,0,1,0,0,0
images\2234.png,0,1,0,0,0
images\2235.png,0,1,0,0,0
images\2236.png,0,1,0,0,0
images\2237.png,0,1,0,0,0
images\2238.png,0,1,0,0,0
images\2239.png,0,1,0,0,0
images\2240.png,0,1,0,0,0
images\2241.png,0,1,0,0,0
images\2242.png,0,1,0,0,0
images\2243.png,0,1,0,0,0
images\2244.png,0,1,0,0,0
images\2245.png,0,1,0,0,0
images\2246.png,0,1,0,0,0
images\2247.png,0,1,0,0,0
images\2248.png,0,1,0,0,0
images\2249.png,0,1,0,0,0
images\2250.png,0,1,0,0,0
images\2251.png,0,1,0,0,0
images\2252.png,0,1,0,0,0
images\2253.png,0,1,0,0,0
images\2254.png,0,1,0,0,0
images\2255.png,0,1,0,0,0
images\2256.png,0,1,0,0,0
images\2257.png,0,1,0,0,0
images\2258.png,0,1,0,0,0
images\2259.png,0,1,0,0,0
images\2260.png,0,1,0,0,0
images\2261.png,0,1,0,0,0
images\2262.png,0,1,0,0,0
images\2263.png,0,1,0,0,0
images\2264.png,0,1,0,0,0
images\2265.png,0,1,0,0,0
images\2266.png,0,1,0,0,0
images\2267.png,0,1,0,0,0
images\2268.png,0,1,0,0,0
images\2269.png,0,1,0,0,0
images\2270.png,0,1,0,0,0
images\2271.png,0,1,0,0,0
images\2272.png,0,1,0,0,0
images\2273.png,0,1,0,0,0
images\2274.png,0,1,0,0,0
images\2275.png,0,1,0,0,0
images\2276.png,0,1,0,0,0
images\2277.png,0,1,0,0,0
images\2278.png,0,1,0,0,0
images\2279.png,0,1,0,0,0
images\2280.png,0,1,0,0,0
images\2281.png,0,1,0,0,0
images\2282.png,0,1,0,0,0
images\2283.png,0,1,0,0,0
images\2284.png,0,1,0,0,0
images\2285.png,0,1,0,0,0
images\2286.png,0,1,0,0,0
images\2287.png,0,1,0,0,0
images\2288.png,0,1,0,0,0
images\2289.png,0,1,0,0,0
images\2290.png,0,1,0,0,0
images\2291.png,0,1,0,0,0
images\2292.png,0,1,0,0,0
images\2293.png,0,1,0,0,0
images\2294.png,0,1,0,0,0
images\2295.png,0,1,0,0,0
images\2296.png,0,1,0,0,0
images\2297.png,0,1,0,0,0
images\2298.png,0,1,0,0,0
images\2299.png,0,1,0,0,0
images\2300.png,0,1,0,0,0
images\2301.png,0,1,0,0,0
images\2302.png,0,1,0,0,0
images\2303.png,0,1,0,0,0
images\2304.png,0,1,0,0,0
images\2305.png,0,1,0,0,0
images\2306.png,0,1,0,0,0
images\2307.png,0,1,0,0,0
images\2308.png,0,1,0,0,0
images\2309.png,0,1,0,0,0
images\2310.png,0,1,0,0,0
images\2311.png,0,1,0,0,0
images\2312.png,0,1,0,0,0
images\2313.png,0,1,0,0,0
images\2314.png,0,0,1,0,0
images\2315.png,0,0,1,0,0
images\2316.png,0,0,1,0,0
images\2317.png,0,0,1,0,0
images\2318.png,0,0,1,0,0
images\2319.png,0,0,1,0,0
images\2320.png,0,0,1,0,0
images\2321.png,0,0,1,0,0
images\2322.png,0,0,1,0,0
images\2323.png,0,0,1,0,0
images\2324.png,0,0,1,0,0
images\2325.png,0,0,1,0,0
images\2326.png,0,0,1,0,0
images\2327.png,0,0,1,0,0
images\2328.png,0,0,1,0,0
images\2329.png,0,0,1,0,0
images\2330.png,0,0,1,0,0
images\2331.png,0,0,1,0,0
images\2332.png,0,0,1,0,0
images\2333.png,0,0,1,0,0
images\2334.png,0,0,1,0,0
images\2335.png,0,0,1,0,0
images\2336.png,0,0,1,0,0
images\2337.png,0,0,1,0,0
images\2338.png,0,0,1,0,0
images\2339.png,0,0,1,0,0
images\2340.png,0,0,1,0,0
images\2341.png,0,0,1,0,0
images\2342.png,0,0,1,0,0
images\2343.png,0,0,1,0,0
images\2344.png,0,0,1,0,0
images\2345.png,0,0,1,0,0
images\2346.png,0,0,1,0,0
images\2347.png,0,0,1,0,0
images\2348.png,0,0,1,0,0
images\2349.png,0,0,1,0,0
images\2350.png,0,0,1,0,0
images\2351.png,0,0,1,0,0
images\2352.png,0,0,1,0,0
images\2353.png,0,0,1,0,0
images\2354.png,0,0,1,0,0
images\2355.png,0,0,1,0,0
images\2356.png,0,0,1,0,0
images\2357.png,0,0,1,0,0
images\2358.png,0,0,1,0,0
images\2359.png,0,0,1,0,0
images\2360.png,0,0,1,0,0
images\2361.png,0,0,1,0,0
images\2362.png,0,0,1,0,0
images\2363.png,0,0,1,0,0
images\2364.png,0,0,1,0,0
images\2365.png,0,0,1,0,0
images\2366.png,0,0,1,0,0
images\2367.png,0,0,1,0,0
images\2368.png,0,0,1,0,0
images\2369.png,0,0,1,0,0
images\2370.png,0,0,1,0,0
images\2371.png,0,0,1,0,0
images\2372.png,0,0,1,0,0
images\2373.png,0,0,1,0,0
images\2374.png,0,0,1,0,0
images\2375.png,0,0,1,0,0
images\2376.png,0,0,1,0,0
images\2377.png,0,0,1,0,0
images\2378.png,0,0,1,0,0
images\2379.png,0,0,1,0,0
images\2380.png,0,0,1,0,0
images\2381.png,0,0,1,0,0
images\2382.png,0,0,1,0,0
images\2383.png,0,0,1,0,0
images\2384.png,0,0,1,0,0
images\2385.png,0,0,1,0,0
images\2386.png,0,0,1,0,0
images\2387.png,0,0,1,0,0
images\2388.png,0,0,1,0,0
images\2389.png,0,0,1,0,0
images\2390.png,0,0,1,0,0
images\2391.png,0,0,1,0,0
images\2392.png,0,0,1,0,0
images\2393.png,0,0,1,0,0
images\2394.png,0,0,1,0,0
images\2395.png,0,0,1,0,0
images\2396.png,0,0,1,0,0
images\2397.png,0,0,1,0,0
images\2398.png,0,0,1,0,0
images\2399.png,0,0,1,0,0
images\2400.png,0,0,1,0,0
images\2401.png,0,0,1,0,0
images\2402.png,0,0,1,0,0
images\2403.png,0,0,1,0,0
images\2404.png,0,0,1,0,0
images\2405.png,0,0,1,0,0
images\2406.png,0,0,1,0,0
images\2407.png,0,0,1,0,0
images\2408.png,0,0,1,0,0
images\2409.png,0,0,1,0,0
images\2410.png,0,0,1,0,0
images\2411.png,0,0,1,0,0
images\2412.png,0,0,1,0,0
images\2413.png,0,0,1,0,0
images\2414.png,0,0,1,0,0
images\2415.png,0,0,1,0,0
images\2416.png,0,0,1,0,0
images\2417.png,0,0,1,0,0
images\2418.png,0,0,1,0,0
images\2419.png,0,0,1,0,0
images\2420.png,0,0,1,0,0
images\2421.png,0,0,1,0,0
images\2422.png,0,0,1,0,0
images\2423.png,0,0,1,0,0
images\2424.png,0,0,1,0,0
images\2425.png,0,0,1,0,0
images\2426.png,0,0,1,0,0
images\2427.png,0,0,1,0,0
images\2428.png,0,0,1,0,0
images\2429.png,0,0,1,0,0
images\2430.png,0,0,1,0,0
images\2431.png,0,0,1,0,0
images\2432.png,0,0,1,0,0
images\2433.png,0,0,1,0,0
images\2434.png,0,0,1,0,0
images\2435.png,0,0,1,0,0
images\2436.png,0,0,1,0,0
images\2437.png,0,0,1,0,0
images\2438.png,0,0,1,0,0
images\2439.png,0,0,1,0,0
images\2440.png,0,0,1,0,0
images\2441.png,0,0,1,0,0
images\2442.png,0,0,1,0,0
images\2443.png,0,0,1,0,0
images\2444.png,0,0,1,0,0
images\2445.png,0,0,1,0,0
images\2446.png,0,0,1,0,0
images\2447.png,0,0,1,0,0
images\2448.png,0,0,1,0,0
images\2449.png,0,0,1,0,0
images\2450.png,0,0,1,0,0
images\2451.png,0,0,1,0,0
images\2452.png,0,0,1,0,0
images\2453.png,0,0,1,0,0
images\2454.png,0,0,1,0,0
images\2455.png,0,0,1,0,0
images\2456.png,0,0,1,0,0
images\2457.png,0,0,1,0,0
images\2458.png,0,0,1,0,0
images\2459.png,0,0,1,0,0
images\2460.png,0,0,1,0,0
images\2461.png,0,0,1,0,0
images\2462.png,0,0,1,0,0
images\2463.png,0,0,1,0,0
images\2464.png,0,0,1,0,0
images\2465.png,0,0,1,0,0
images\2466.png,0,0,1,0,0
images\2467.png,0,0,1,0,0
images\2468.png,0,0,1,0,0
images\2469.png,0,0,1,0,0
images\2470.png,0,0,1,0,0
images\2471.png,0,0,1,0,0
images\2472.png,0,0,1,0,0
images\2473.png,0,0,1,0,0
images\2474.png,0,0,1,0,0
images\2475.png,0,0,1,0,0
images\2476.png,0,0,1,0,0
images\2477.png,0,0,1,0,0
images\2478.png,0,0,1,0,0
images\2479.png,0,0,1,0,0
images\2480.png,0,0,1,0,0
images\2481.png,0,0,1,0,0
images\2482.png,0,0,1,0,0
images\2483.png,0,0,1,0,0
images\2484.png,0,0,1,0,0
images\2485.png,0,0,1,0,0
images\2486.png,0,0,1,0,0
images\2487.png,0,0,1,0,0
images\2488.png,0,0,1,0,0
images\2489.png,0,0,1,0,0
images\2490.png,0,0,1,0,0
images\2491.png,0,0,1,0,0
images\2492.png,0,0,1,0,0
images\2493.png,0,0,1,0,0
images\2494.png,0,0,1,0,0
images\2495.png,0,0,1,0,0
images\2496.png,0,0,1,0,0
images\2497.png,0,0,1,0,0
images\2498.png,0,0,1,0,0
images\2499.png,0,0,1,0,0
images\2500.png,0,0,1,0,0
images\2501.png,0,0,1,0,0
images\2502.png,0,0,1,0,0
images\2503.png,0,0,1,0,0
images\2504.png,0,0,1,0,0
images\2505.png,0,0,1,0,0
images\2506.png,0,0,1,0,0
images\2507.png,0,0,1,0,0
images\2508.png,0,0,1,0,0
images\2509.png,0,0,1,0,0
images\2510.png,0,0,1,0,0
images\2511.png,0,0,1,0,0
images\2512.png,0,0,1,0,0
images\2513.png,0,0,1,0,0
images\2514.png,0,0,1,0,0
images\2515.png,0,0,1,0,0
images\2516.png,0,0,1,0,0
images\2517.png,0,0,1,0,0
images\2518.png,0,0,1,0,0
images\2519.png,0,0,1,0,0
images\2520.png,0,0,1,0,0
images\2521.png,0,0,1,0,0
images\2522.png,0,0,1,0,0
images\2523.png,0,0,1,0,0
images\2524.png,0,0,1,0,0
images\2525.png,0,0,1,0,0
images\2526.png,0,0,1,0,0
images\2527.png,0,0,1,0,0
images\2528.png,0,0,1,0,0
images\2529.png,0,0,1,0,0
images\2530.png,0,0,1,0,0
images\2531.png,0,0,1,0,0
images\2532.png,0,0,1,0,0
images\2533.png,0,0,1,0,0
images\2534.png,0,0,1,0,0
images\2535.png,0,0,1,0,0
images\2536.png,0,0,1,0,0
images\2537.png,0,0,1,0,0
images\2538.png,0,0,1,0,0
images\2539.png,0,0,1,0,0
images\2540.png,0,0,1,0,0
images\2541.png,0,0,1,0,0
images\2542.png,0,0,1,0,0
images\2543.png,0,0,1,0,0
images\2544.png,0,0,1,0,0
images\2545.png,0,0,1,0,0
images\2546.png,0,0,1,0,0
images\2547.png,0,0,1,0,0
images\2548.png,0,0,1,0,0
images\2549.png,0,0,1,0,0
images\2550.png,0,0,1,0,0
images\2551.png,0,0,1,0,0
images\2552.png,0,0,1,0,0
images\2553.png,0,0,1,0,0
images\2554.png,0,0,1,0,0
images\2555.png,0,0,1,0,0
images\2556.png,0,0,1,0,0
images\2557.png,0,0,1,0,0
images\2558.png,0,0,1,0,0
images\2559.png,0,0,1,0,0
images\2560.png,0,0,1,0,0
images\2561.png,0,0,1,0,0
images\2562.png,0,0,1,0,0
images\2563.png,0,0,1,0,0
images\2564.png,0,0,1,0,0
images\2565.png,0,0,1,0,0
images\2566.png,0,0,1,0,0
images\2567.png,0,0,1,0,0
images\2568.png,0,0,1,0,0
images\2569.png,0,0,1,0,0
images\2570.png,0,0,1,0,0
images\2571.png,0,0,1,0,0
images\2572.png,0,0,1,0,0
images\2573.png,0,0,1,0,0
images\2574.png,0,0,1,0,0
images\2575.png,0,0,1,0,0
images\2576.png,0,0,1,0,0
images\2577.png,0,0,1,0,0
images\2578.png,0,0,1,0,0
images\2579.png,0,0,1,0,0
images\2580.png,0,0,1,0,0
images\2581.png,0,0,1,0,0
images\2582.png,0,0,1,0,0
images\2583.png,0,0,1,0,0
images\2584.png,0,0,1,0,0
images\2585.png,0,0,1,0,0
images\2586.png,0,0,1,0,0
images\2587.png,0,0,1,0,0
images\2588.png,0,0,1,0,0
images\2589.png,0,0,1,0,0
images\2590.png,0,0,1,0,0
images\2591.png,0,0,1,0,0
images\2592.png,0,0,1,0,0
images\2593.png,0,0,1,0,0
images\2594.png,0,0,1,0,0
images\2595.png,0,0,1,0,0
images\2596.png,0,0,1,0,0
images\2597.png,0,0,1,0,0
images\2598.png,0,0,1,0,0
images\2599.png,0,0,1,0,0
images\2600.png,0,0,1,0,0
images\2601.png,0,0,1,0,0
images\2602.png,0,0,1,0,0
images\2603.png,0,0,1,0,0
images\2604.png,0,0,1,0,0
images\2605.png,0,0,1,0,0
images\2606.png,0,0,1,0,0
images\2607.png,0,0,1,0,0
images\2608.png,0,0,1,0,0
images\2609.png,0,0,1,0,0
images\2610.png,0,0,1,0,0
images\2611.png,0,0,1,0,0
images\2612.png,0,0,1,0,0
images\2613.png,0,0,1,0,0
images\2614.png,0,0,1,0,0
images\2615.png,0,0,1,0,0
images\2616.png,0,0,1,0,0
images\2617.png,0,0,1,0,0
images\2618.png,0,0,1,0,0
images\2619.png,0,0,1,0,0
images\2620.png,0,0,1,0,0
images\2621.png,0,0,1,0,0
images\2622.png,0,0,1,0,0
images\2623.png,0,0,1,0,0
images\2624.png,0,0,1,0,0
images\2625.png,0,0,1,0,0
images\2626.png,0,0,1,0,0
images\2627.png,0,0,1,0,0
images\2628.png,0,0,1,0,0
images\2629.png,0,0,1,0,0
images\2630.png,0,0,1,0,0
images\2631.png,0,0,1,0,0
images\2632.png,0,0,1,0,0
images\2633.png,0,0,1,0,0
images\2634.png,0,0,1,0,0
images\2635.png,0,0,1,0,0
images\2636.png,0,0,1,0,0
images\2637.png,0,0,1,0,0
images\2638.png,0,0,1,0,0
images\2639.png,0,0,1,0,0
images\2640.png,0,0,1,0,0
images\2641.png,0,0,1,0,0
images\2642.png,0,0,1,0,0
images\2643.png,0,0,1,0,0
images\2644.png,0,0,1,0,0
images\2645.png,0,0,1,0,0
images\2646.png,0,0,1,0,0
images\2647.png,0,0,1,0,0
images\2648.png,0,0,1,0,0
images\2649.png,0,0,1,0,0
images\2650.png,0,0,1,0,0
images\2651.png,0,0,1,0,0
images\2652.png,0,0,1,0,0
images\2653.png,0,0,1,0,0
images\2654.png,0,0,1,0,0
images\2655.png,0,0,1,0,0
images\2656.png,0,0,1,0,0
images\2657.png,0,0,1,0,0
images\2658.png,0,0,1,0,0
images\2659.png,0,0,1,0,0
images\2660.png,0,0,1,0,0
images\2661.png,0,0,1,0,0
images\2662.png,0,0,1,0,0
images\2663.png,0,0,1,0,0
images\2664.png,0,0,1,0,0
images\2665.png,0,0,1,0,0
images\2666.png,0,0,1,0,0
images\2667.png,0,0,1,0,0
images\2668.png,0,0,1,0,0
images\2669.png,0,0,1,0,0
images\2670.png,0,0,1,0,0
images\2671.png,0,0,1,0,0
images\2672.png,0,0,1,0,0
images\2673.png,0,0,1,0,0
images\2674.png,0,0,1,0,0
images\2675.png,0,0,1,0,0
images\2676.png,0,0,1,0,0
images\2677.png,0,0,1,0,0
images\2678.png,0,0,1,0,0
images\2679.png,0,0,1,0,0
images\2680.png,0,0,1,0,0
images\2681.png,0,0,1,0,0
images\2682.png,0,0,1,0,0
images\2683.png,0,0,1,0,0
images\2684.png,0,0,1,0,0
images\2685.png,0,0,1,0,0
images\2686.png,0,0,1,0,0
images\2687.png,0,0,1,0,0
images\2688.png,0,0,1,0,0
images\2689.png,0,0,1,0,0
images\2690.png,0,0,1,0,0
images\2691.png,0,0,1,0,0
images\2692.png,0,0,1,0,0
images\2693.png,0,0,1,0,0
images\2694.png,0,0,1,0,0
images\2695.png,0,0,1,0,0
images\2696.png,0,0,1,0,0
images\2697.png,0,0,1,0,0
images\2698.png,0,0,1,0,0
images\2699.png,0,0,1,0,0
images\2700.png,0,0,1,0,0
images\2701.png,0,0,1,0,0
images\2702.png,0,0,1,0,0
images\2703.png,0,0,1,0,0
images\2704.png,0,0,0,1,0
images\2705.png,0,0,0,1,0
images\2706.png,0,0,0,1,0
images\2707.png,0,0,0,1,0
images\2708.png,0,0,0,1,0
images\2709.png,0,0,0,1,0
images\2710.png,0,0,0,1,0
images\2711.png,0,0,0,1,0
images\2712.png,0,0,0,1,0
images\2713.png,0,0,0,1,0
images\2714.png,0,0,0,1,0
images\2715.png,0,0,0,1,0
images\2716.png,0,0,0,1,0
images\2717.png,0,0,0,1,0
images\2718.png,0,0,0,1,0
images\2719.png,0,0,0,1,0
images\2720.png,0,0,0,1,0
images\2721.png,0,0,0,1,0
images\2722.png,0,0,0,1,0
images\2723.png,0,0,0,1,0
images\2724.png,0,0,0,1,0
images\2725.png,0,0,0,1,0
images\2726.png,0,0,0,1,0
images\2727.png,0,0,0,1,0
images\2728.png,0,0,0,1,0
images\2729.png,0,0,0,1,0
images\2730.png,0,0,0,1,0
images\2731.png,0,0,0,1,0
images\2732.png,0,0,0,1,0
images\2733.png,0,0,0,1,0
images\2734.png,0,0,0,1,0
images\2735.png,0,0,0,1,0
images\2736.png,0,0,0,1,0
images\2737.png,0,0,0,1,0
images\2738.png,0,0,0,1,0
images\2739.png,0,0,0,1,0
images\2740.png,0,0,0,1,0
images\2741.png,0,0,0,1,0
images\2742.png,0,0,0,1,0
images\2743.png,0,0,0,1,0
images\2744.png,0,0,0,1,0
images\2745.png,0,0,0,1,0
images\2746.png,0,0,0,1,0
images\2747.png,0,0,0,1,0
images\2748.png,0,0,0,1,0
images\2749.png,0,0,0,1,0
images\2750.png,0,0,0,1,0
images\2751.png,0,0,0,1,0
images\2752.png,0,0,0,1,0
images\2753.png,0,0,0,1,0
images\2754.png,0,0,0,1,0
images\2755.png,0,0,0,1,0
images\2756.png,0,0,0,1,0
images\2757.png,0,0,0,1,0
images\2758.png,0,0,0,1,0
images\2759.png,0,0,0,1,0
images\2760.png,0,0,0,1,0
images\2761.png,0,0,0,1,0
images\2762.png,0,0,0,1,0
images\2763.png,0,0,0,1,0
images\2764.png,0,0,0,1,0
images\2765.png,0,0,0,1,0
images\2766.png,0,0,0,1,0
images\2767.png,0,0,0,1,0
images\2768.png,0,0,0,1,0
images\2769.png,0,0,0,1,0
images\2770.png,0,0,0,1,0
images\2771.png,0,0,0,1,0
images\2772.png,0,0,0,1,0
images\2773.png,0,0,0,1,0
images\2774.png,0,0,0,1,0
images\2775.png,0,0,0,1,0
images\2776.png,0,0,0,1,0
images\2777.png,0,0,0,1,0
images\2778.png,0,0,0,1,0
images\2779.png,0,0,0,1,0
images\2780.png,0,0,0,1,0
images\2781.png,0,0,0,1,0
images\2782.png,0,0,0,1,0
images\2783.png,0,0,0,1,0
images\2784.png,0,0,0,1,0
images\2785.png,0,0,0,1,0
images\2786.png,0,0,0,1,0
images\2787.png,0,0,0,1,0
images\2788.png,0,0,0,1,0
images\2789.png,0,0,0,1,0
images\2790.png,0,0,0,1,0
images\2791.png,0,0,0,1,0
images\2792.png,0,0,0,1,0
images\2793.png,0,0,0,1,0
images\2794.png,0,0,0,1,0
images\2795.png,0,0,0,1,0
images\2796.png,0,0,0,1,0
images\2797.png,0,0,0,1,0
images\2798.png,0,0,0,1,0
images\2799.png,0,0,0,1,0
images\2800.png,0,0,0,1,0
images\2801.png,0,0,0,1,0
images\2802.png,0,0,0,1,0
images\2803.png,0,0,0,1,0
images\2804.png,0,0,0,1,0
images\2805.png,0,0,0,1,0
images\2806.png,0,0,0,1,0
images\2807.png,0,0,0,1,0
images\2808.png,0,0,0,1,0
images\2809.png,0,0,0,1,0
images\2810.png,0,0,0,1,0
images\2811.png,0,0,0,1,0
images\2812.png,0,0,0,1,0
images\2813.png,0,0,0,1,0
images\2814.png,0,0,0,1,0
images\2815.png,0,0,0,1,0
images\2816.png,0,0,0,1,0
images\2817.png,0,0,0,1,0
images\2818.png,0,0,0,1,0
images\2819.png,0,0,0,1,0
images\2820.png,0,0,0,1,0
images\2821.png,0,0,0,1,0
images\2822.png,0,0,0,1,0
images\2823.png,0,0,0,1,0
images\2824.png,0,0,0,1,0
images\2825.png,0,0,0,1,0
images\2826.png,0,0,0,1,0
images\2827.png,0,0,0,1,0
images\2828.png,0,0,0,1,0
images\2829.png,0,0,0,1,0
images\2830.png,0,0,0,1,0
images\2831.png,0,0,0,1,0
images\2832.png,0,0,0,1,0
images\2833.png,0,0,0,1,0
images\2834.png,0,0,0,1,0
images\2835.png,0,0,0,1,0
images\2836.png,0,0,0,1,0
images\2837.png,0,0,0,1,0
images\2838.png,0,0,0,1,0
images\2839.png,0,0,0,1,0
images\2840.png,0,0,0,1,0
images\2841.png,0,0,0,1,0
images\2842.png,0,0,0,1,0
images\2843.png,0,0,0,1,0
images\2844.png,0,0,0,1,0
images\2845.png,0,0,0,1,0
images\2846.png,0,0,0,1,0
images\2847.png,0,0,0,1,0
images\2848.png,0,0,0,1,0
images\2849.png,0,0,0,1,0
images\2850.png,0,0,0,1,0
images\2851.png,0,0,0,1,0
images\2852.png,0,0,0,1,0
images\2853.png,0,0,0,1,0
images\2854.png,0,0,0,1,0
images\2855.png,0,0,0,1,0
images\2856.png,0,0,0,1,0
images\2857.png,0,0,0,1,0
images\2858.png,0,0,0,1,0
images\2859.png,0,0,0,1,0
images\2860.png,0,0,0,1,0
images\2861.png,0,0,0,1,0
images\2862.png,0,0,0,1,0
images\2863.png,0,0,0,1,0
images\2864.png,0,0,0,1,0
images\2865.png,0,0,0,1,0
images\2866.png,0,0,0,1,0
images\2867.png,0,0,0,1,0
images\2868.png,0,0,0,1,0
images\2869.png,0,0,0,1,0
images\2870.png,0,0,0,1,0
images\2871.png,0,0,0,1,0
images\2872.png,0,0,0,1,0
images\2873.png,0,0,0,1,0
images\2874.png,0,0,0,1,0
images\2875.png,0,0,0,1,0
images\2876.png,0,0,0,1,0
images\2877.png,0,0,0,1,0
images\2878.png,0,0,0,1,0
images\2879.png,0,0,0,1,0
images\2880.png,0,0,0,1,0
images\2881.png,0,0,0,1,0
images\2882.png,0,0,0,1,0
images\2883.png,0,0,0,1,0
images\2884.png,0,0,0,1,0
images\2885.png,0,0,0,1,0
images\2886.png,0,0,0,1,0
images\2887.png,0,0,0,1,0
images\2888.png,0,0,0,1,0
images\2889.png,0,0,0,1,0
images\2890.png,0,0,0,1,0
images\2891.png,0,0,0,1,0
images\2892.png,0,0,0,1,0
images\2893.png,0,0,0,1,0
images\2894.png,0,0,0,1,0
images\2895.png,0,0,0,1,0
images\2896.png,0,0,0,1,0
images\2897.png,0,0,0,1,0
images\2898.png,0,0,0,1,0
images\2899.png,0,0,0,1,0
images\2900.png,0,0,0,1,0
images\2901.png,0,0,0,1,0
images\2902.png,0,0,0,1,0
images\2903.png,0,0,0,1,0
images\2904.png,0,0,0,1,0
images\2905.png,0,0,0,1,0
images\2906.png,0,0,0,1,0
images\2907.png,0,0,0,1,0
images\2908.png,0,0,0,1,0
images\2909.png,0,0,0,1,0
images\2910.png,0,0,0,1,0
images\2911.png,0,0,0,1,0
images\2912.png,0,0,0,1,0
images\2913.png,0,0,0,1,0
images\2914.png,0,0,0,1,0
images\2915.png,0,0,0,1,0
images\2916.png,0,0,0,1,0
images\2917.png,0,0,0,1,0
images\2918.png,0,0,0,1,0
images\2919.png,0,0,0,1,0
images\2920.png,0,0,0,1,0
images\2921.png,0,0,0,1,0
images\2922.png,0,0,0,1,0
images\2923.png,0,0,0,1,0
images\2924.png,0,0,0,1,0
images\2925.png,0,0,0,1,0
images\2926.png,0,0,0,1,0
images\2927.png,0,0,0,1,0
images\2928.png,0,0,0,1,0
images\2929.png,0,0,0,1,0
images\2930.png,0,0,0,1,0
images\2931.png,0,0,0,1,0
images\2932.png,0,0,0,1,0
images\2933.png,0,0,0,1,0
images\2934.png,0,0,0,1,0
images\2935.png,0,0,0,1,0
images\2936.png,0,0,0,1,0
images\2937.png,0,0,0,1,0
images\2938.png,0,0,0,1,0
images\2939.png,0,0,0,1,0
images\2940.png,0,0,0,1,0
images\2941.png,0,0,0,1,0
images\2942.png,0,0,0,1,0
images\2943.png,0,0,0,1,0
images\2944.png,0,0,0,1,0
images\2945.png,0,0,0,1,0
images\2946.png,0,0,0,1,0
images\2947.png,0,0,0,1,0
images\2948.png,0,0,0,1,0
images\2949.png,0,0,0,1,0
images\2950.png,0,0,0,1,0
images\2951.png,0,0,0,1,0
images\2952.png,0,0,0,1,0
images\2953.png,0,0,0,1,0
images\2954.png,0,0,0,1,0
images\2955.png,0,0,0,1,0
images\2956.png,0,0,0,1,0
images\2957.png,0,0,0,1,0
images\2958.png,0,0,0,1,0
images\2959.png,0,0,0,1,0
images\2960.png,0,0,0,1,0
images\2961.png,0,0,0,1,0
images\2962.png,0,0,0,1,0
images\2963.png,0,0,0,1,0
images\2964.png,0,0,0,1,0
images\2965.png,0,0,0,1,0
images\2966.png,0,0,0,1,0
images\2967.png,0,0,0,1,0
images\2968.png,0,0,0,1,0
images\2969.png,0,0,0,1,0
images\2970.png,0,0,0,1,0
images\2971.png,0,0,0,1,0
images\2972.png,0,0,0,1,0
images\2973.png,0,0,0,1,0
images\2974.png,0,0,0,1,0
images\2975.png,0,0,0,1,0
images\2976.png,0,0,0,1,0
images\2977.png,0,0,0,1,0
images\2978.png,0,0,0,1,0
images\2979.png,0,0,0,1,0
images\2980.png,0,0,0,1,0
images\2981.png,0,0,0,1,0
images\2982.png,0,0,0,1,0
images\2983.png,0,0,0,1,0
images\2984.png,0,0,0,1,0
images\2985.png,0,0,0,1,0
images\2986.png,0,0,0,1,0
images\2987.png,0,0,0,1,0
images\2988.png,0,0,0,1,0
images\2989.png,0,0,0,1,0
images\2990.png,0,0,0,1,0
images\2991.png,0,0,0,1,0
images\2992.png,0,0,0,1,0
images\2993.png,0,0,0,1,0
images\2994.png,0,0,0,1,0
images\2995.png,0,0,0,1,0
images\2996.png,0,0,0,1,0
images\2997.png,0,0,0,1,0
images\2998.png,0,0,0,1,0
images\2999.png,0,0,0,1,0
images\3000.png,0,0,0,1,0
images\3001.png,0,0,0,1,0
images\3002.png,0,0,0,1,0
images\3003.png,0,0,0,1,0
images\3004.png,0,0,0,1,0
images\3005.png,0,0,0,1,0
images\3006.png,0,0,0,1,0
images\3007.png,0,0,0,1,0
images\3008.png,0,0,0,1,0
images\3009.png,0,0,0,1,0
images\3010.png,0,0,0,1,0
images\3011.png,0,0,0,1,0
images\3012.png,0,0,0,1,0
images\3013.png,0,0,0,1,0
images\3014.png,0,0,0,1,0
images\3015.png,0,0,0,1,0
images\3016.png,0,0,0,1,0
images\3017.png,0,0,0,1,0
images\3018.png,0,0,0,1,0
images\3019.png,0,0,0,1,0
images\3020.png,0,0,0,1,0
images\3021.png,0,0,0,1,0
images\3022.png,0,0,0,1,0
images\3023.png,0,0,0,1,0
images\3024.png,0,0,0,1,0
images\3025.png,0,0,0,1,0
images\3026.png,0,0,0,1,0
images\3027.png,0,0,0,1,0
images\3028.png,0,0,0,1,0
images\3029.png,0,0,0,1,0
images\3030.png,0,0,0,1,0
images\3031.png,0,0,0,1,0
images\3032.png,0,0,0,1,0
images\3033.png,0,0,0,1,0
images\3034.png,0,0,0,1,0
images\3035.png,0,0,0,1,0
images\3036.png,0,0,0,1,0
images\3037.png,0,0,0,1,0
images\3038.png,0,0,0,1,0
images\3039.png,0,0,0,1,0
images\3040.png,0,0,0,1,0
images\3041.png,0,0,0,1,0
images\3042.png,0,0,0,1,0
images\3043.png,0,0,0,1,0
images\3044.png,0,0,0,1,0
images\3045.png,0,0,0,1,0
images\3046.png,0,0,0,1,0
images\3047.png,0,0,0,1,0
images\3048.png,0,0,0,1,0
images\3049.png,0,0,0,1,0
images\3050.png,0,0,0,1,0
images\3051.png,0,0,0,1,0
images\3052.png,0,0,0,1,0
images\3053.png,0,0,0,1,0
images\3054.png,0,0,0,1,0
images\3055.png,0,0,0,1,0
images\3056.png,0,0,0,1,0
images\3057.png,0,0,0,1,0
images\3058.png,0,0,0,1,0
images\3059.png,0,0,0,1,0
images\3060.png,0,0,0,1,0
images\3061.png,0,0,0,1,0
images\3062.png,0,0,0,1,0
images\3063.png,0,0,0,1,0
images\3064.png,0,0,0,1,0
images\3065.png,0,0,0,1,0
images\3066.png,0,0,0,1,0
images\3067.png,0,0,0,1,0
images\3068.png,0,0,0,1,0
images\3069.png,0,0,0,1,0
images\3070.png,0,0,0,1,0
images\3071.png,0,0,0,1,0
images\3072.png,0,0,0,1,0
images\3073.png,0,0,0,1,0
images\3074.png,0,0,0,1,0
images\3075.png,0,0,0,1,0
images\3076.png,0,0,0,1,0
images\3077.png,0,0,0,1,0
images\3078.png,0,0,0,1,0
images\3079.png,0,0,0,1,0
images\3080.png,0,0,0,1,0
images\3081.png,0,0,0,1,0
images\3082.png,0,0,0,1,0
images\3083.png,0,0,0,1,0
images\3084.png,0,0,0,1,0
images\3085.png,0,0,0,1,0
images\3086.png,0,0,0,1,0
images\3087.png,0,0,0,1,0
images\3088.png,0,0,0,1,0
images\3089.png,0,0,0,1,0
images\3090.png,0,0,0,1,0
images\3091.png,0,0,0,1,0
images\3092.png,0,0,0,1,0
images\3093.png,0,0,0,1,0
images\3094.png,0,0,0,1,0
images\3095.png,0,0,0,1,0
images\3096.png,0,0,0,1,0
images\3097.png,0,0,0,1,0
images\3098.png,0,0,0,1,0
images\3099.png,0,0,0,1,0
images\3100.png,0,0,0,1,0
images\3101.png,0,0,0,1,0
images\3102.png,0,0,0,1,0
images\3103.png,0,0,0,1,0
images\3104.png,0,0,0,1,0
images\3105.png,0,0,0,1,0
images\3106.png,0,0,0,1,0
images\3107.png,0,0,0,1,0
images\3108.png,0,0,0,1,0
images\3109.png,0,0,0,1,0
images\3110.png,0,0,0,1,0
images\3111.png,0,0,0,1,0
images\3112.png,0,0,0,1,0
images\3113.png,0,0,0,1,0
images\3114.png,0,0,0,1,0
images\3115.png,0,0,0,1,0
images\3116.png,0,0,0,1,0
images\3117.png,0,0,0,1,0
images\3118.png,0,0,0,1,0
images\3119.png,0,0,0,1,0
images\3120.png,0,0,0,1,0
images\3121.png,0,0,0,1,0
images\3122.png,0,0,0,1,0
images\3123.png,0,0,0,1,0
images\3124.png,0,0,0,1,0
images\3125.png,0,0,0,1,0
images\3126.png,0,0,0,1,0
images\3127.png,0,0,0,1,0
images\3128.png,0,0,0,1,0
images\3129.png,0,0,0,1,0
images\3130.png,0,0,0,1,0
images\3131.png,0,0,0,1,0
images\3132.png,0,0,0,1,0
images\3133.png,0,0,0,1,0
images\3134.png,0,0,0,1,0
images\3135.png,0,0,0,1,0
images\3136.png,0,0,0,1,0
images\3137.png,0,0,0,1,0
images\3138.png,0,0,0,1,0
images\3139.png,0,0,0,1,0
images\3140.png,0,0,0,1,0
images\3141.png,0,0,0,1,0
images\3142.png,0,0,0,1,0
images\3143.png,0,0,0,1,0
images\3144.png,0,0,0,1,0
images\3145.png,0,0,0,1,0
images\3146.png,0,0,0,1,0
images\3147.png,0,0,0,1,0
images\3148.png,0,0,0,1,0
images\3149.png,0,0,0,1,0
images\3150.png,0,0,0,1,0
images\3151.png,0,0,0,1,0
images\3152.png,0,0,0,1,0
images\3153.png,0,0,0,1,0
images\3154.png,0,0,0,1,0
images\3155.png,0,0,0,1,0
images\3156.png,0,0,0,1,0
images\3157.png,0,0,0,1,0
images\3158.png,0,0,0,1,0
images\3159.png,0,0,0,1,0
images\3160.png,0,0,0,1,0
images\3161.png,0,0,0,1,0
images\3162.png,0,0,0,1,0
images\3163.png,0,0,0,1,0
images\3164.png,0,0,0,1,0
images\3165.png,0,0,0,1,0
images\3166.png,0,0,0,1,0
images\3167.png,0,0,0,1,0
images\3168.png,0,0,0,1,0
images\3169.png,0,0,0,1,0
images\3170.png,0,0,0,1,0
images\3171.png,0,0,0,1,0
images\3172.png,0,0,0,1,0
images\3173.png,0,0,0,1,0
images\3174.png,0,0,0,1,0
images\3175.png,0,0,0,1,0
images\3176.png,0,0,0,1,0
images\3177.png,0,0,0,1,0
images\3178.png,0,0,0,1,0
images\3179.png,0,0,0,1,0
images\3180.png,0,0,0,1,0
images\3181.png,0,0,0,1,0
images\3182.png,0,0,0,1,0
images\3183.png,0,0,0,1,0
images\3184.png,0,0,0,1,0
images\3185.png,0,0,0,1,0
images\3186.png,0,0,0,1,0
images\3187.png,0,0,0,1,0
images\3188.png,0,0,0,1,0
images\3189.png,0,0,0,1,0
images\3190.png,0,0,0,1,0
images\3191.png,0,0,0,1,0
images\3192.png,0,0,0,1,0
images\3193.png,0,0,0,1,0
images\3194.png,0,0,0,1,0
images\3195.png,0,0,0,1,0
images\3196.png,0,0,0,1,0
images\3197.png,0,0,0,1,0
images\3198.png,0,0,0,1,0
images\3199.png,0,0,0,1,0
images\3200.png,0,0,0,1,0
images\3201.png,0,0,0,1,0
images\3202.png,0,0,0,1,0
images\3203.png,0,0,0,1,0
images\3204.png,0,0,0,1,0
images\3205.png,0,0,0,1,0
images\3206.png,0,0,0,1,0
images\3207.png,0,0,0,1,0
images\3208.png,0,0,0,1,0
images\3209.png,0,0,0,1,0
images\3210.png,0,0,0,1,0
images\3211.png,0,0,0,1,0
images\3212.png,0,0,0,1,0
images\3213.png,0,0,0,1,0
images\3214.png,0,0,0,1,0
images\3215.png,0,0,0,1,0
images\3216.png,0,0,0,1,0
images\3217.png,0,0,0,1,0
images\3218.png,0,0,0,1,0
images\3219.png,0,0,0,1,0
images\3220.png,0,0,0,1,0
images\3221.png,0,0,0,1,0
images\3222.png,0,0,0,1,0
images\3223.png,0,0,0,1,0
images\3224.png,0,0,0,1,0
images\3225.png,0,0,0,1,0
images\3226.png,0,0,0,1,0
images\3227.png,0,0,0,1,0
images\3228.png,0,0,0,1,0
images\3229.png,0,0,0,1,0
images\3230.png,0,0,0,1,0
images\3231.png,0,0,0,1,0
images\3232.png,0,0,0,1,0
images\3233.png,0,0,0,1,0
images\3234.png,0,0,0,1,0
images\3235.png,0,0,0,1,0
images\3236.png,0,0,0,1,0
images\3237.png,0,0,0,1,0
images\3238.png,0,0,0,1,0
images\3239.png,0,0,0,1,0
images\3240.png,0,0,0,1,0
images\3241.png,0,0,0,1,0
images\3242.png,0,0,0,1,0
images\3243.png,0,0,0,1,0
images\3244.png,0,0,0,1,0
images\3245.png,0,0,0,1,0
images\3246.png,0,0,0,1,0
images\3247.png,0,0,0,1,0
images\3248.png,0,0,0,1,0
images\3249.png,0,0,0,1,0
images\3250.png,0,0,0,1,0
images\3251.png,0,0,0,1,0
images\3252.png,0,0,0,1,0
images\3253.png,0,0,0,1,0
images\3254.png,0,0,0,1,0
images\3255.png,0,0,0,1,0
images\3256.png,0,0,0,1,0
images\3257.png,0,0,0,1,0
images\3258.png,0,0,0,1,0
images\3259.png,0,0,0,1,0
images\3260.png,0,0,0,1,0
images\3261.png,0,0,0,1,0
images\3262.png,0,0,0,1,0
images\3263.png,0,0,0,1,0
images\3264.png,0,0,0,1,0
images\3265.png,0,0,0,1,0
images\3266.png,0,0,0,1,0
images\3267.png,0,0,0,1,0
images\3268.png,0,0,0,1,0
images\3269.png,0,0,0,1,0
images\3270.png,0,0,0,1,0
images\3271.png,0,0,0,1,0
images\3272.png,0,0,0,1,0
images\3273.png,0,0,0,1,0
images\3274.png,0,0,0,1,0
images\3275.png,0,0,0,1,0
images\3276.png,0,0,0,1,0
images\3277.png,0,0,0,1,0
images\3278.png,0,0,0,1,0
images\3279.png,0,0,0,1,0
images\3280.png,0,0,0,1,0
images\3281.png,0,0,0,1,0
images\3282.png,0,0,0,1,0
images\3283.png,0,0,0,1,0
images\3284.png,0,0,0,1,0
images\3285.png,0,0,0,1,0
images\3286.png,0,0,0,1,0
images\3287.png,0,0,0,1,0
images\3288.png,0,0,0,1,0
images\3289.png,0,0,0,1,0
images\3290.png,0,0,0,1,0
images\3291.png,0,0,0,1,0
images\3292.png,0,0,0,1,0
images\3293.png,0,0,0,1,0
images\3294.png,0,0,0,1,0
images\3295.png,0,0,0,1,0
images\3296.png,0,0,0,1,0
images\3297.png,0,0,0,1,0
images\3298.png,0,0,0,1,0
images\3299.png,0,0,0,1,0
images\3300.png,0,0,0,1,0
images\3301.png,0,0,0,1,0
images\3302.png,0,0,0,1,0
images\3303.png,0,0,0,1,0
images\3304.png,0,0,0,1,0
images\3305.png,0,0,0,1,0
images\3306.png,0,0,0,1,0
images\3307.png,0,0,0,1,0
images\3308.png,0,0,0,1,0
images\3309.png,0,0,0,1,0
images\3310.png,0,0,0,1,0
images\3311.png,0,0,0,1,0
images\3312.png,0,0,0,1,0
images\3313.png,0,0,0,1,0
images\3314.png,0,0,0,1,0
images\3315.png,0,0,0,1,0
images\3316.png,0,0,0,1,0
images\3317.png,0,0,0,1,0
images\3318.png,0,0,0,1,0
images\3319.png,0,0,0,1,0
images\3320.png,0,0,0,1,0
images\3321.png,0,0,0,1,0
images\3322.png,0,0,0,1,0
images\3323.png,0,0,0,1,0
images\3324.png,0,0,0,1,0
images\3325.png,0,0,0,1,0
images\3326.png,0,0,0,1,0
images\3327.png,0,0,0,1,0
images\3328.png,0,0,0,1,0
images\3329.png,0,0,0,1,0
images\3330.png,0,0,0,1,0
images\3331.png,0,0,0,1,0
images\3332.png,0,0,0,1,0
images\3333.png,0,0,0,1,0
images\3334.png,0,0,0,1,0
images\3335.png,0,0,0,1,0
images\3336.png,0,0,0,1,0
images\3337.png,0,0,0,1,0
images\3338.png,0,0,0,1,0
images\3339.png,0,0,0,1,0
images\3340.png,0,0,0,1,0
images\3341.png,0,0,0,1,0
images\3342.png,0,0,0,1,0
images\3343.png,0,0,0,1,0
images\3344.png,0,0,0,1,0
images\3345.png,0,0,0,1,0
images\3346.png,0,0,0,1,0
images\3347.png,0,0,0,1,0
images\3348.png,0,0,0,1,0
images\3349.png,0,0,0,1,0
images\3350.png,0,0,0,1,0
images\3351.png,0,0,0,1,0
images\3352.png,0,0,0,1,0
images\3353.png,0,0,0,1,0
images\3354.png,0,0,0,1,0
images\3355.png,0,0,0,1,0
images\3356.png,0,0,0,1,0
images\3357.png,0,0,0,1,0
images\3358.png,0,0,0,1,0
images\3359.png,0,0,0,1,0
images\3360.png,0,0,0,1,0
images\3361.png,0,0,0,1,0
images\3362.png,0,0,0,1,0
images\3363.png,0,0,0,1,0
images\3364.png,0,0,0,1,0
images\3365.png,0,0,0,1,0
images\3366.png,0,0,0,1,0
images\3367.png,0,0,0,1,0
images\3368.png,0,0,0,1,0
images\3369.png,0,0,0,1,0
images\3370.png,0,0,0,1,0
images\3371.png,0,0,0,1,0
images\3372.png,0,0,0,1,0
images\3373.png,0,0,0,1,0
images\3374.png,0,0,0,1,0
images\3375.png,0,0,0,1,0
images\3376.png,0,0,0,1,0
images\3377.png,0,0,0,1,0
images\3378.png,0,0,0,1,0
images\3379.png,0,0,0,1,0
images\3380.png,0,0,0,1,0
images\3381.png,0,0,0,1,0
images\3382.png,0,0,0,1,0
images\3383.png,0,0,0,1,0
images\3384.png,0,0,0,1,0
images\3385.png,0,0,0,1,0
images\3386.png,0,0,0,1,0
images\3387.png,0,0,0,1,0
images\3388.png,0,0,0,1,0
images\3389.png,0,0,0,1,0
images\3390.png,0,0,0,1,0
images\3391.png,0,0,0,1,0
images\3392.png,0,0,0,1,0
images\3393.png,0,0,0,1,0
images\3394.png,0,0,0,1,0
images\3395.png,0,0,0,1,0
images\3396.png,0,0,0,1,0
images\3397.png,0,0,0,1,0
images\3398.png,0,0,0,1,0
images\3399.png,0,0,0,1,0
images\3400.png,0,0,0,1,0
images\3401.png,0,0,0,1,0
images\3402.png,0,0,0,1,0
images\3403.png,0,0,0,1,0
images\3404.png,0,0,0,1,0
images\3405.png,0,0,0,1,0
images\3406.png,0,0,0,1,0
images\3407.png,0,0,0,1,0
images\3408.png,0,0,0,1,0
images\3409.png,0,0,0,1,0
images\3410.png,0,0,0,1,0
images\3411.png,0,0,0,1,0
images\3412.png,0,0,0,1,0
images\3413.png,0,0,0,1,0
images\3414.png,0,0,0,1,0
images\3415.png,0,0,0,1,0
images\3416.png,0,0,0,1,0
images\3417.png,0,0,0,1,0
images\3418.png,0,0,0,1,0
images\3419.png,0,0,0,1,0
images\3420.png,0,0,0,1,0
images\3421.png,0,0,0,1,0
images\3422.png,0,0,0,1,0
images\3423.png,0,0,0,1,0
images\3424.png,0,0,0,1,0
images\3425.png,0,0,0,1,0
images\3426.png,0,0,0,1,0
images\3427.png,0,0,0,1,0
images\3428.png,0,0,0,1,0
images\3429.png,0,0,0,1,0
images\3430.png,0,0,0,1,0
images\3431.png,0,0,0,1,0
images\3432.png,0,0,0,1,0
images\3433.png,0,0,0,1,0
images\3434.png,0,0,0,1,0
images\3435.png,0,0,0,1,0
images\3436.png,0,0,0,1,0
images\3437.png,0,0,0,1,0
images\3438.png,0,0,0,1,0
images\3439.png,0,0,0,1,0
images\3440.png,0,0,0,1,0
images\3441.png,0,0,0,1,0
images\3442.png,0,0,0,1,0
images\3443.png,0,0,0,1,0
images\3444.png,0,0,0,1,0
images\3445.png,0,0,0,1,0
images\3446.png,0,0,0,1,0
images\3447.png,0,0,0,1,0
images\3448.png,0,0,0,1,0
images\3449.png,0,0,0,1,0
images\3450.png,0,0,0,1,0
images\3451.png,0,0,0,1,0
images\3452.png,0,0,0,1,0
images\3453.png,0,0,0,1,0
images\3454.png,0,0,0,1,0
images\3455.png,0,0,0,1,0
images\3456.png,0,0,0,1,0
images\3457.png,0,0,0,1,0
images\3458.png,0,0,0,1,0
images\3459.png,0,0,0,1,0
images\3460.png,0,0,0,1,0
images\3461.png,0,0,0,1,0
images\3462.png,0,0,0,1,0
images\3463.png,0,0,0,1,0
images\3464.png,0,0,0,1,0
images\3465.png,0,0,0,1,0
images\3466.png,0,0,0,1,0
images\3467.png,0,0,0,1,0
images\3468.png,0,0,0,1,0
images\3469.png,0,0,0,1,0
images\3470.png,0,0,0,1,0
images\3471.png,0,0,0,1,0
images\3472.png,0,0,0,1,0
images\3473.png,0,0,0,1,0
images\3474.png,0,0,0,1,0
images\3475.png,0,0,0,1,0
images\3476.png,0,0,0,1,0
images\3477.png,0,0,0,1,0
images\3478.png,0,0,0,1,0
images\3479.png,0,0,0,1,0
images\3480.png,0,0,0,1,0
images\3481.png,0,0,0,1,0
images\3482.png,0,0,0,1,0
images\3483.png,0,0,0,1,0
images\3484.png,0,0,0,1,0
images\3485.png,0,0,0,1,0
images\3486.png,0,0,0,1,0
images\3487.png,0,0,0,1,0
images\3488.png,0,0,0,1,0
images\3489.png,0,0,0,1,0
images\3490.png,0,0,0,1,0
images\3491.png,0,0,0,1,0
images\3492.png,0,0,0,1,0
images\3493.png,0,0,0,1,0
images\3494.png,0,0,0,1,0
images\3495.png,0,0,0,1,0
images\3496.png,0,0,0,1,0
images\3497.png,0,0,0,1,0
images\3498.png,0,0,0,1,0
images\3499.png,0,0,0,1,0
images\3500.png,0,0,0,1,0
images\3501.png,0,0,0,1,0
images\3502.png,0,0,0,1,0
images\3503.png,0,0,0,1,0
images\3504.png,0,0,0,1,0
images\3505.png,0,0,0,1,0
images\3506.png,0,0,0,1,0
images\3507.png,0,0,0,1,0
images\3508.png,0,0,0,1,0
images\3509.png,0,0,0,1,0
images\3510.png,0,0,0,1,0
images\3511.png,0,0,0,1,0
images\3512.png,0,0,0,1,0
images\3513.png,0,0,0,1,0
images\3514.png,0,0,0,1,0
images\3515.png,0,0,0,1,0
images\3516.png,0,0,0,1,0
images\3517.png,0,0,0,1,0
images\3518.png,0,0,0,1,0
images\3519.png,0,0,0,1,0
images\3520.png,0,0,0,1,0
images\3521.png,0,0,0,1,0
images\3522.png,0,0,0,1,0
images\3523.png,0,0,0,1,0
images\3524.png,0,0,0,1,0
images\3525.png,0,0,0,1,0
images\3526.png,0,0,0,1,0
images\3527.png,0,0,0,1,0
images\3528.png,0,0,0,1,0
images\3529.png,0,0,0,1,0
images\3530.png,0,0,0,1,0
images\3531.png,0,0,0,1,0
images\3532.png,0,0,0,1,0
images\3533.png,0,0,0,1,0
images\3534.png,0,0,0,1,0
images\3535.png,0,0,0,1,0
images\3536.png,0,0,0,1,0
images\3537.png,0,0,0,1,0
images\3538.png,0,0,0,1,0
images\3539.png,0,0,0,1,0
images\3540.png,0,0,0,1,0
images\3541.png,0,0,0,1,0
images\3542.png,0,0,0,1,0
images\3543.png,0,0,0,1,0
images\3544.png,0,0,0,1,0
images\3545.png,0,0,0,1,0
images\3546.png,0,0,0,1,0
images\3547.png,0,0,0,1,0
images\3548.png,0,0,0,1,0
images\3549.png,0,0,0,1,0
images\3550.png,0,0,0,1,0
images\3551.png,0,0,0,1,0
images\3552.png,0,0,0,1,0
images\3553.png,0,0,0,1,0
images\3554.png,0,0,0,1,0
images\3555.png,0,0,0,1,0
images\3556.png,0,0,0,0,1
images\3557.png,0,0,0,0,1
images\3558.png,0,0,0,0,1
images\3559.png,0,0,0,0,1
images\3560.png,0,0,0,0,1
images\3561.png,0,0,0,0,1
images\3562.png,0,0,0,0,1
images\3563.png,0,0,0,0,1
images\3564.png,0,0,0,0,1
images\3565.png,0,0,0,0,1
images\3566.png,0,0,0,0,1
images\3567.png,0,0,0,0,1
images\3568.png,0,0,0,0,1
images\3569.png,0,0,0,0,1
images\3570.png,0,0,0,0,1
images\3571.png,0,0,0,0,1
images\3572.png,0,0,0,0,1
images\3573.png,0,0,0,0,1
images\3574.png,0,0,0,0,1
images\3575.png,0,0,0,0,1
images\3576.png,0,0,0,0,1
images\3577.png,0,0,0,0,1
images\3578.png,0,0,0,0,1
images\3579.png,0,0,0,0,1
images\3580.png,0,0,0,0,1
images\3581.png,0,0,0,0,1
images\3582.png,0,0,0,0,1
images\3583.png,0,0,0,0,1
images\3584.png,0,0,0,0,1
images\3585.png,0,0,0,0,1
images\3586.png,0,0,0,0,1
images\3587.png,0,0,0,0,1
images\3588.png,0,0,0,0,1
images\3589.png,0,0,0,0,1
images\3590.png,0,0,0,0,1
images\3591.png,0,0,0,0,1
images\3592.png,0,0,0,0,1
images\3593.png,0,0,0,0,1
images\3594.png,0,0,0,0,1
images\3595.png,0,0,0,0,1
images\3596.png,0,0,0,0,1
images\3597.png,0,0,0,0,1
images\3598.png,0,0,0,0,1
images\3599.png,0,0,0,0,1
images\3600.png,0,0,0,0,1
images\3601.png,0,0,0,0,1
images\3602.png,0,0,0,0,1
images\3603.png,0,0,0,0,1
images\3604.png,0,0,0,0,1
images\3605.png,0,0,0,0,1
images\3606.png,0,0,0,0,1
images\3607.png,0,0,0,0,1
images\3608.png,0,0,0,0,1
images\3609.png,0,0,0,0,1
images\3610.png,0,0,0,0,1
images\3611.png,0,0,0,0,1
images\3612.png,0,0,0,0,1
images\3613.png,0,0,0,0,1
images\3614.png,0,0,0,0,1
images\3615.png,0,0,0,0,1
images\3616.png,0,0,0,0,1
images\3617.png,0,0,0,0,1
images\3618.png,0,0,0,0,1
images\3619.png,0,0,0,0,1
images\3620.png,0,0,0,0,1
images\3621.png,0,0,0,0,1
images\3622.png,0,0,0,0,1
images\3623.png,0,0,0,0,1
images\3624.png,0,0,0,0,1
images\3625.png,0,0,0,0,1
images\3626.png,0,0,0,0,1
images\3627.png,0,0,0,0,1
images\3628.png,0,0,0,0,1
images\3629.png,0,0,0,0,1
images\3630.png,0,0,0,0,1
images\3631.png,0,0,0,0,1
images\3632.png,0,0,0,0,1
images\3633.png,0,0,0,0,1
images\3634.png,0,0,0,0,1
images\3635.png,0,0,0,0,1
images\3636.png,0,0,0,0,1
images\3637.png,0,0,0,0,1
images\3638.png,0,0,0,0,1
images\3639.png,0,0,0,0,1
images\3640.png,0,0,0,0,1
images\3641.png,0,0,0,0,1
images\3642.png,0,0,0,0,1
images\3643.png,0,0,0,0,1
images\3644.png,0,0,0,0,1
images\3645.png,0,0,0,0,1
images\3646.png,0,0,0,0,1
images\3647.png,0,0,0,0,1
images\3648.png,0,0,0,0,1
images\3649.png,0,0,0,0,1
images\3650.png,0,0,0,0,1
images\3651.png,0,0,0,0,1
images\3652.png,0,0,0,0,1
images\3653.png,0,0,0,0,1
images\3654.png,0,0,0,0,1
images\3655.png,0,0,0,0,1
images\3656.png,0,0,0,0,1
images\3657.png,0,0,0,0,1
images\3658.png,0,0,0,0,1
images\3659.png,0,0,0,0,1
images\3660.png,0,0,0,0,1
images\3661.png,0,0,0,0,1
images\3662.png,0,0,0,0,1
images\3663.png,0,0,0,0,1
images\3664.png,0,0,0,0,1
images\3665.png,0,0,0,0,1
images\3666.png,0,0,0,0,1
images\3667.png,0,0,0,0,1
images\3668.png,0,0,0,0,1
images\3669.png,0,0,0,0,1
images\3670.png,0,0,0,0,1
images\3671.png,0,0,0,0,1
images\3672.png,0,0,0,0,1
images\3673.png,0,0,0,0,1
images\3674.png,0,0,0,0,1
images\3675.png,0,0,0,0,1
images\3676.png,0,0,0,0,1
images\3677.png,0,0,0,0,1
images\3678.png,0,0,0,0,1
images\3679.png,0,0,0,0,1
images\3680.png,0,0,0,0,1
images\3681.png,0,0,0,0,1
images\3682.png,0,0,0,0,1
images\3683.png,0,0,0,0,1
images\3684.png,0,0,0,0,1
images\3685.png,0,0,0,0,1
images\3686.png,0,0,0,0,1
images\3687.png,0,0,0,0,1
images\3688.png,0,0,0,0,1
images\3689.png,0,0,0,0,1
images\3690.png,0,0,0,0,1
images\3691.png,0,0,0,0,1
images\3692.png,0,0,0,0,1
images\3693.png,0,0,0,0,1
images\3694.png,0,0,0,0,1
images\3695.png,0,0,0,0,1
images\3696.png,0,0,0,0,1
images\3697.png,0,0,0,0,1
images\3698.png,0,0,0,0,1
images\3699.png,0,0,0,0,1
images\3700.png,0,0,0,0,1
images\3701.png,0,0,0,0,1
images\3702.png,0,0,0,0,1
images\3703.png,0,0,0,0,1
images\3704.png,0,0,0,0,1
images\3705.png,0,0,0,0,1
images\3706.png,0,0,0,0,1
images\3707.png,0,0,0,0,1
images\3708.png,0,0,0,0,1
images\3709.png,0,0,0,0,1
images\3710.png,0,0,0,0,1
images\3711.png,0,0,0,0,1
images\3712.png,0,0,0,0,1
images\3713.png,0,0,0,0,1
images\3714.png,0,0,0,0,1
images\3715.png,0,0,0,0,1
images\3716.png,0,0,0,0,1
images\3717.png,0,0,0,0,1
images\3718.png,0,0,0,0,1
images\3719.png,0,0,0,0,1
images\3720.png,0,0,0,0,1
images\3721.png,0,0,0,0,1
images\3722.png,0,0,0,0,1
images\3723.png,0,0,0,0,1
images\3724.png,0,0,0,0,1
images\3725.png,0,0,0,0,1
images\3726.png,0,0,0,0,1
images\3727.png,0,0,0,0,1
images\3728.png,0,0,0,0,1
images\3729.png,0,0,0,0,1
images\3730.png,0,0,0,0,1
images\3731.png,0,0,0,0,1
images\3732.png,0,0,0,0,1
images\3733.png,0,0,0,0,1
images\3734.png,0,0,0,0,1
images\3735.png,0,0,0,0,1
images\3736.png,0,0,0,0,1
images\3737.png,0,0,0,0,1
images\3738.png,0,0,0,0,1
images\3739.png,0,0,0,0,1
images\3740.png,0,0,0,0,1
images\3741.png,0,0,0,0,1
images\3742.png,0,0,0,0,1
images\3743.png,0,0,0,0,1
images\3744.png,0,0,0,0,1
images\3745.png,0,0,0,0,1
images\3746.png,0,0,0,0,1
images\3747.png,0,0,0,0,1
images\3748.png,0,0,0,0,1
images\3749.png,0,0,0,0,1
images\3750.png,0,0,0,0,1
images\3751.png,0,0,0,0,1
images\3752.png,0,0,0,0,1
images\3753.png,0,0,0,0,1
images\3754.png,0,0,0,0,1
images\3755.png,0,0,0,0,1
images\3756.png,0,0,0,0,1
images\3757.png,0,0,0,0,1
images\3758.png,0,0,0,0,1
images\3759.png,0,0,0,0,1
images\3760.png,0,0,0,0,1
images\3761.png,0,0,0,0,1
images\3762.png,0,0,0,0,1
images\3763.png,0,0,0,0,1
images\3764.png,0,0,0,0,1
images\3765.png,0,0,0,0,1
images\3766.png,0,0,0,0,1
images\3767.png,0,0,0,0,1
images\3768.png,0,0,0,0,1
images\3769.png,0,0,0,0,1
images\3770.png,0,0,0,0,1
images\3771.png,0,0,0,0,1
images\3772.png,0,0,0,0,1
images\3773.png,0,0,0,0,1
images\3774.png,0,0,0,0,1
images\3775.png,0,0,0,0,1
images\3776.png,0,0,0,0,1
images\3777.png,0,0,0,0,1
images\3778.png,0,0,0,0,1
images\3779.png,0,0,0,0,1
images\3780.png,0,0,0,0,1
images\3781.png,0,0,0,0,1
images\3782.png,0,0,0,0,1
images\3783.png,0,0,0,0,1
images\3784.png,0,0,0,0,1
images\3785.png,0,0,0,0,1
images\3786.png,0,0,0,0,1
images\3787.png,0,0,0,0,1
images\3788.png,0,0,0,0,1
images\3789.png,0,0,0,0,1
images\3790.png,0,0,0,0,1
images\3791.png,0,0,0,0,1
images\3792.png,0,0,0,0,1
images\3793.png,0,0,0,0,1
images\3794.png,0,0,0,0,1
images\3795.png,0,0,0,0,1
images\3796.png,0,0,0,0,1
images\3797.png,0,0,0,0,1
images\3798.png,0,0,0,0,1
images\3799.png,0,0,0,0,1
images\3800.png,0,0,0,0,1
images\3801.png,0,0,0,0,1
images\3802.png,0,0,0,0,1
images\3803.png,0,0,0,0,1
images\3804.png,0,0,0,0,1
images\3805.png,0,0,0,0,1
images\3806.png,0,0,0,0,1
images\3807.png,0,0,0,0,1
images\3808.png,0,0,0,0,1
images\3809.png,0,0,0,0,1
images\3810.png,0,0,0,0,1
images\3811.png,0,0,0,0,1
images\3812.png,0,0,0,0,1
images\3813.png,0,0,0,0,1
images\3814.png,0,0,0,0,1
images\3815.png,0,0,0,0,1
images\3816.png,0,0,0,0,1
images\3817.png,0,0,0,0,1
images\3818.png,0,0,0,0,1
images\3819.png,0,0,0,0,1
images\3820.png,0,0,0,0,1
images\3821.png,0,0,0,0,1
images\3822.png,0,0,0,0,1
images\3823.png,0,0,0,0,1
images\3824.png,0,0,0,0,1
images\3825.png,0,0,0,0,1
images\3826.png,0,0,0,0,1
images\3827.png,0,0,0,0,1
images\3828.png,0,0,0,0,1
images\3829.png,0,0,0,0,1
images\3830.png,0,0,0,0,1
images\3831.png,0,0,0,0,1
images\3832.png,0,0,0,0,1
images\3833.png,0,0,0,0,1
images\3834.png,0,0,0,0,1
images\3835.png,0,0,0,0,1
images\3836.png,0,0,0,0,1
images\3837.png,0,0,0,0,1
images\3838.png,0,0,0,0,1
images\3839.png,0,0,0,0,1
images\3840.png,0,0,0,0,1
images\3841.png,0,0,0,0,1
images\3842.png,0,0,0,0,1
images\3843.png,0,0,0,0,1
images\3844.png,0,0,0,0,1
images\3845.png,0,0,0,0,1
images\3846.png,0,0,0,0,1
images\3847.png,0,0,0,0,1
images\3848.png,0,0,0,0,1
images\3849.png,0,0,0,0,1
images\3850.png,0,0,0,0,1
images\3851.png,0,0,0,0,1
images\3852.png,0,0,0,0,1
images\3853.png,0,0,0,0,1
images\3854.png,0,0,0,0,1
images\3855.png,0,0,0,0,1
images\3856.png,0,0,0,0,1
images\3857.png,0,0,0,0,1
images\3858.png,0,0,0,0,1
images\3859.png,0,0,0,0,1
images\3860.png,0,0,0,0,1
images\3861.png,0,0,0,0,1
images\3862.png,0,0,0,0,1
images\3863.png,0,0,0,0,1
images\3864.png,0,0,0,0,1
images\3865.png,0,0,0,0,1
images\3866.png,0,0,0,0,1
images\3867.png,0,0,0,0,1
images\3868.png,0,0,0,0,1
images\3869.png,0,0,0,0,1
images\3870.png,0,0,0,0,1
images\3871.png,0,0,0,0,1
images\3872.png,0,0,0,0,1
images\3873.png,0,0,0,0,1
images\3874.png,0,0,0,0,1
images\3875.png,0,0,0,0,1
images\3876.png,0,0,0,0,1
images\3877.png,0,0,0,0,1
images\3878.png,0,0,0,0,1
images\3879.png,0,0,0,0,1
images\3880.png,0,0,0,0,1
images\3881.png,0,0,0,0,1
images\3882.png,0,0,0,0,1
images\3883.png,0,0,0,0,1
images\3884.png,0,0,0,0,1
images\3885.png,0,0,0,0,1
images\3886.png,0,0,0,0,1
images\3887.png,0,0,0,0,1
images\3888.png,0,0,0,0,1
images\3889.png,0,0,0,0,1
images\3890.png,0,0,0,0,1
images\3891.png,0,0,0,0,1
images\3892.png,0,0,0,0,1
images\3893.png,0,0,0,0,1
images\3894.png,0,0,0,0,1
images\3895.png,0,0,0,0,1
images\3896.png,0,0,0,0,1
images\3897.png,0,0,0,0,1
images\3898.png,0,0,0,0,1
images\3899.png,0,0,0,0,1
images\3900.png,0,0,0,0,1
images\3901.png,0,0,0,0,1
images\3902.png,0,0,0,0,1
images\3903.png,0,0,0,0,1
images\3904.png,0,0,0,0,1
images\3905.png,0,0,0,0,1
images\3906.png,0,0,0,0,1
images\3907.png,0,0,0,0,1
images\3908.png,0,0,0,0,1
images\3909.png,0,0,0,0,1
images\3910.png,0,0,0,0,1
images\3911.png,0,0,0,0,1
images\3912.png,0,0,0,0,1
images\3913.png,0,0,0,0,1
images\3914.png,0,0,0,0,1
images\3915.png,0,0,0,0,1
images\3916.png,0,0,0,0,1
images\3917.png,0,0,0,0,1
images\3918.png,0,0,0,0,1
images\3919.png,0,0,0,0,1
images\3920.png,0,0,0,0,1
images\3921.png,0,0,0,0,1
images\3922.png,0,0,0,0,1
images\3923.png,0,0,0,0,1
images\3924.png,0,0,0,0,1
images\3925.png,0,0,0,0,1
images\3926.png,0,0,0,0,1
images\3927.png,0,0,0,0,1
images\3928.png,0,0,0,0,1
images\3929.png,0,0,0,0,1
images\3930.png,0,0,0,0,1
images\3931.png,0,0,0,0,1
images\3932.png,0,0,0,0,1
images\3933.png,0,0,0,0,1
images\3934.png,0,0,0,0,1
images\3935.png,0,0,0,0,1
images\3936.png,0,0,0,0,1
images\3937.png,0,0,0,0,1
images\3938.png,0,0,0,0,1
images\3939.png,0,0,0,0,1
images\3940.png,0,0,0,0,1
images\3941.png,0,0,0,0,1
images\3942.png,0,0,0,0,1
images\3943.png,0,0,0,0,1
images\3944.png,0,0,0,0,1
images\3945.png,0,0,0,0,1
images\3946.png,0,0,0,0,1
images\3947.png,0,0,0,0,1
images\3948.png,0,0,0,0,1
images\3949.png,0,0,0,0,1
images\3950.png,0,0,0,0,1
images\3951.png,0,0,0,0,1
images\3952.png,0,0,0,0,1
images\3953.png,0,0,0,0,1
images\3954.png,0,0,0,0,1
images\3955.png,0,0,0,0,1
images\3956.png,0,0,0,0,1
images\3957.png,0,0,0,0,1
images\3958.png,0,0,0,0,1
images\3959.png,0,0,0,0,1
images\3960.png,0,0,0,0,1
images\3961.png,0,0,0,0,1
images\3962.png,0,0,0,0,1
images\3963.png,0,0,0,0,1
images\3964.png,0,0,0,0,1
images\3965.png,0,0,0,0,1
images\3966.png,0,0,0,0,1
images\3967.png,0,0,0,0,1
images\3968.png,0,0,0,0,1
images\3969.png,0,0,0,0,1
images\3970.png,0,0,0,0,1
images\3971.png,0,0,0,0,1
images\3972.png,0,0,0,0,1
images\3973.png,0,0,0,0,1
images\3974.png,0,0,0,0,1
images\3975.png,0,0,0,0,1
images\3976.png,0,0,0,0,1
images\3977.png,0,0,0,0,1
images\3978.png,0,0,0,0,1
images\3979.png,0,0,0,0,1
images\3980.png,0,0,0,0,1
images\3981.png,0,0,0,0,1
images\3982.png,0,0,0,0,1
images\3983.png,0,0,0,0,1
images\3984.png,0,0,0,0,1
images\3985.png,0,0,0,0,1
images\3986.png,0,0,0,0,1
images\3987.png,0,0,0,0,1
images\3988.png,0,0,0,0,1
images\3989.png,0,0,0,0,1
images\3990.png,0,0,0,0,1
images\3991.png,0,0,0,0,1
images\3992.png,0,0,0,0,1
images\3993.png,0,0,0,0,1
images\3994.png,0,0,0,0,1
images\3995.png,0,0,0,0,1
images\3996.png,0,0,0,0,1
images\3997.png,0,0,0,0,1
images\3998.png,0,0,0,0,1
images\3999.png,0,0,0,0,1
images\4000.png,0,0,0,0,1
images\4001.png,0,0,0,0,1
images\4002.png,0,0,0,0,1
images\4003.png,0,0,0,0,1
images\4004.png,0,0,0,0,1
images\4005.png,0,0,0,0,1
images\4006.png,0,0,0,0,1
images\4007.png,0,0,0,0,1
images\4008.png,0,0,0,0,1
images\4009.png,0,0,0,0,1
images\4010.png,0,0,0,0,1
images\4011.png,0,0,0,0,1
images\4012.png,0,0,0,0,1
images\4013.png,0,0,0,0,1
images\4014.png,0,0,0,0,1
images\4015.png,0,0,0,0,1
images\4016.png,0,0,0,0,1
images\4017.png,0,0,0,0,1
images\4018.png,0,0,0,0,1
images\4019.png,0,0,0,0,1
images\4020.png,0,0,0,0,1
images\4021.png,0,0,0,0,1
images\4022.png,0,0,0,0,1
images\4023.png,0,0,0,0,1
images\4024.png,0,0,0,0,1
images\4025.png,0,0,0,0,1
images\4026.png,0,0,0,0,1
images\4027.png,0,0,0,0,1
images\4028.png,0,0,0,0,1
images\4029.png,0,0,0,0,1
images\4030.png,0,0,0,0,1
images\4031.png,0,0,0,0,1
images\4032.png,0,0,0,0,1
images\4033.png,0,0,0,0,1
images\4034.png,0,0,0,0,1
images\4035.png,0,0,0,0,1
images\4036.png,0,0,0,0,1
images\4037.png,0,0,0,0,1
images\4038.png,0,0,0,0,1
images\4039.png,0,0,0,0,1
images\4040.png,0,0,0,0,1
images\4041.png,0,0,0,0,1
images\4042.png,0,0,0,0,1
images\4043.png,0,0,0,0,1
images\4044.png,0,0,0,0,1
images\4045.png,0,0,0,0,1
images\4046.png,0,0,0,0,1
images\4047.png,0,0,0,0,1
images\4048.png,0,0,0,0,1
images\4049.png,0,0,0,0,1
images\4050.png,0,0,0,0,1
images\4051.png,0,0,0,0,1
images\4052.png,0,0,0,0,1
images\4053.png,0,0,0,0,1
images\4054.png,0,0,0,0,1
images\4055.png,0,0,0,0,1
images\4056.png,0,0,0,0,1
images\4057.png,0,0,0,0,1
images\4058.png,0,0,0,0,1
images\4059.png,0,0,0,0,1
images\4060.png,0,0,0,0,1
images\4061.png,0,0,0,0,1
images\4062.png,0,0,0,0,1
images\4063.png,0,0,0,0,1
images\4064.png,0,0,0,0,1
images\4065.png,0,0,0,0,1
images\4066.png,0,0,0,0,1
images\4067.png,0,0,0,0,1
images\4068.png,0,0,0,0,1
images\4069.png,0,0,0,0,1
images\4070.png,0,0,0,0,1
images\4071.png,0,0,0,0,1
images\4072.png,0,0,0,0,1
images\4073.png,0,0,0,0,1
images\4074.png,0,0,0,0,1
images\4075.png,0,0,0,0,1
images\4076.png,0,0,0,0,1
images\4077.png,0,0,0,0,1
images\4078.png,0,0,0,0,1
images\4079.png,0,0,0,0,1
images\4080.png,0,0,0,0,1
images\4081.png,0,0,0,0,1
images\4082.png,0,0,0,0,1
images\4083.png,0,0,0,0,1
images\4084.png,0,0,0,0,1
images\4085.png,0,0,0,0,1
images\4086.png,0,0,0,0,1
images\4087.png,0,0,0,0,1
images\4088.png,0,0,0,0,1
images\4089.png,0,0,0,0,1
images\4090.png,0,0,0,0,1
images\4091.png,0,0,0,0,1
images\4092.png,0,0,0,0,1
images\4093.png,0,0,0,0,1
images\4094.png,0,0,0,0,1
images\4095.png,0,0,0,0,1
images\4096.png,0,0,0,0,1
images\4097.png,0,0,0,0,1
images\4098.png,0,0,0,0,1
images\4099.png,0,0,0,0,1
images\4100.png,0,0,0,0,1
images\4101.png,0,0,0,0,1
images\4102.png,0,0,0,0,1
images\4103.png,0,0,0,0,1
images\4104.png,0,0,0,0,1
images\4105.png,0,0,0,0,1
images\4106.png,0,0,0,0,1
images\4107.png,0,0,0,0,1
images\4108.png,0,0,0,0,1
images\4109.png,0,0,0,0,1
images\4110.png,0,0,0,0,1
images\4111.png,0,0,0,0,1
images\4112.png,0,0,0,0,1
images\4113.png,0,0,0,0,1
images\4114.png,0,0,0,0,1
images\4115.png,0,0,0,0,1
images\4116.png,0,0,0,0,1
images\4117.png,0,0,0,0,1
images\4118.png,0,0,0,0,1
images\4119.png,0,0,0,0,1
images\4120.png,0,0,0,0,1
images\4121.png,0,0,0,0,1
images\4122.png,0,0,0,0,1
images\4123.png,0,0,0,0,1
images\4124.png,0,0,0,0,1
images\4125.png,0,0,0,0,1
images\4126.png,0,0,0,0,1
images\4127.png,0,0,0,0,1
images\4128.png,0,0,0,0,1
images\4129.png,0,0,0,0,1
images\4130.png,0,0,0,0,1
images\4131.png,0,0,0,0,1
images\4132.png,0,0,0,0,1
images\4133.png,0,0,0,0,1
images\4134.png,0,0,0,0,1
images\4135.png,0,0,0,0,1
images\4136.png,0,0,0,0,1
images\4137.png,0,0,0,0,1
images\4138.png,0,0,0,0,1
images\4139.png,0,0,0,0,1
images\4140.png,0,0,0,0,1
images\4141.png,0,0,0,0,1
images\4142.png,0,0,0,0,1
images\4143.png,0,0,0,0,1
images\4144.png,0,0,0,0,1
images\4145.png,0,0,0,0,1
images\4146.png,0,0,0,0,1
images\4147.png,0,0,0,0,1
images\4148.png,0,0,0,0,1
images\4149.png,0,0,0,0,1
images\4150.png,0,0,0,0,1
images\4151.png,0,0,0,0,1
images\4152.png,0,0,0,0,1
images\4153.png,0,0,0,0,1
images\4154.png,0,0,0,0,1
images\4155.png,0,0,0,0,1
images\4156.png,0,0,0,0,1
images\4157.png,0,0,0,0,1
images\4158.png,0,0,0,0,1
images\4159.png,0,0,0,0,1
images\4160.png,0,0,0,0,1
images\4161.png,0,0,0,0,1
images\4162.png,0,0,0,0,1
images\4163.png,0,0,0,0,1
images\4164.png,0,0,0,0,1
images\4165.png,0,0,0,0,1
images\4166.png,0,0,0,0,1
images\4167.png,0,0,0,0,1
images\4168.png,0,0,0,0,1
images\4169.png,0,0,0,0,1
images\4170.png,0,0,0,0,1
images\4171.png,0,0,0,0,1
images\4172.png,0,0,0,0,1
images\4173.png,0,0,0,0,1
images\4174.png,0,0,0,0,1
images\4175.png,0,0,0,0,1
images\4176.png,0,0,0,0,1
images\4177.png,0,0,0,0,1
images\4178.png,0,0,0,0,1
images\4179.png,0,0,0,0,1
images\4180.png,0,0,0,0,1
images\4181.png,0,0,0,0,1
images\4182.png,0,0,0,0,1
images\4183.png,0,0,0,0,1
images\4184.png,0,0,0,0,1
images\4185.png,0,0,0,0,1
images\4186.png,0,0,0,0,1
images\4187.png,0,0,0,0,1
images\4188.png,0,0,0,0,1
images\4189.png,0,0,0,0,1
images\4190.png,0,0,0,0,1
images\4191.png,0,0,0,0,1
images\4192.png,0,0,0,0,1
images\4193.png,0,0,0,0,1
images\4194.png,0,0,0,0,1
images\4195.png,0,0,0,0,1
images\4196.png,0,0,0,0,1
images\4197.png,0,0,0,0,1
images\4198.png,0,0,0,0,1
images\4199.png,0,0,0,0,1
images\4200.png,0,0,0,0,1
images\4201.png,0,0,0,0,1
images\4202.png,0,0,0,0,1
images\4203.png,0,0,0,0,1
images\4204.png,0,0,0,0,1
images\4205.png,0,0,0,0,1
images\4206.png,0,0,0,0,1
images\4207.png,0,0,0,0,1
images\4208.png,0,0,0,0,1
images\4209.png,0,0,0,0,1
images\4210.png,0,0,0,0,1
images\4211.png,0,0,0,0,1
images\4212.png,0,0,0,0,1
images\4213.png,0,0,0,0,1
images\4214.png,0,0,0,0,1
images\4215.png,0,0,0,0,1
images\4216.png,0,0,0,0,1
images\4217.png,0,0,0,0,1
images\4218.png,0,0,0,0,1
images\4219.png,0,0,0,0,1
images\4220.png,0,0,0,0,1
images\4221.png,0,0,0,0,1
images\4222.png,0,0,0,0,1
images\4223.png,0,0,0,0,1
images\4224.png,0,0,0,0,1
images\4225.png,0,0,0,0,1
images\4226.png,0,0,0,0,1
images\4227.png,0,0,0,0,1
images\4228.png,0,0,0,0,1
images\4229.png,0,0,0,0,1
images\4230.png,0,0,0,0,1
images\4231.png,0,0,0,0,1
images\4232.png,0,0,0,0,1
images\4233.png,0,0,0,0,1
images\4234.png,0,0,0,0,1
images\4235.png,0,0,0,0,1
images\4236.png,0,0,0,0,1
images\4237.png,0,0,0,0,1
images\4238.png,0,0,0,0,1
images\4239.png,0,0,0,0,1
images\4240.png,0,0,0,0,1
images\4241.png,0,0,0,0,1
images\4242.png,0,0,0,0,1
images\4243.png,0,0,0,0,1
images\4244.png,0,0,0,0,1
images\4245.png,0,0,0,0,1
images\4246.png,0,0,0,0,1
images\4247.png,0,0,0,0,1
images\4248.png,0,0,0,0,1
images\4249.png,0,0,0,0,1
images\4250.png,0,0,0,0,1
images\4251.png,0,0,0,0,1
images\4252.png,0,0,0,0,1
images\4253.png,0,0,0,0,1
images\4254.png,0,0,0,0,1
images\4255.png,0,0,0,0,1
images\4256.png,0,0,0,0,1
images\4257.png,0,0,0,0,1
images\4258.png,0,0,0,0,1
images\4259.png,0,0,0,0,1
images\4260.png,0,0,0,0,1
images\4261.png,0,0,0,0,1
images\4262.png,0,0,0,0,1
images\4263.png,0,0,0,0,1
images\4264.png,0,0,0,0,1
images\4265.png,0,0,0,0,1
images\4266.png,0,0,0,0,1
images\4267.png,0,0,0,0,1
images\4268.png,0,0,0,0,1
images\4269.png,0,0,0,0,1
images\4270.png,0,0,0,0,1
images\4271.png,0,0,0,0,1
images\4272.png,0,0,0,0,1
images\4273.png,0,0,0,0,1
images\4274.png,0,0,0,0,1
images\4275.png,0,0,0,0,1
images\4276.png,0,0,0,0,1
images\4277.png,0,0,0,0,1
images\4278.png,0,0,0,0,1
images\4279.png,0,0,0,0,1
images\4280.png,0,0,0,0,1
images\4281.png,0,0,0,0,1
images\4282.png,0,0,0,0,1
images\4283.png,0,0,0,0,1
images\4284.png,0,0,0,0,1
images\4285.png,0,0,0,0,1
images\4286.png,0,0,0,0,1
images\4287.png,0,0,0,0,1
images\4288.png,0,0,0,0,1
images\4289.png,0,0,0,0,1
images\4290.png,0,0,0,0,1
images\4291.png,0,0,0,0,1
images\4292.png,0,0,0,0,1
images\4293.png,0,0,0,0,1
images\4294.png,0,0,0,0,1
images\4295.png,0,0,0,0,1
images\4296.png,0,0,0,0,1
images\4297.png,1,0,0,0,0
images\4298.png,1,0,0,0,0
images\4299.png,1,0,0,0,0
images\4300.png,1,0,0,0,0
images\4301.png,1,0,0,0,0
images\4302.png,1,0,0,0,0
images\4303.png,1,0,0,0,0
images\4304.png,1,0,0,0,0
images\4305.png,1,0,0,0,0
images\4306.png,1,0,0,0,0
images\4307.png,1,0,0,0,0
images\4308.png,1,0,0,0,0
images\4309.png,1,0,0,0,0
images\4310.png,1,0,0,0,0
images\4311.png,1,0,0,0,0
images\4312.png,1,0,0,0,0
images\4313.png,1,0,0,0,0
images\4314.png,1,0,0,0,0
images\4315.png,1,0,0,0,0
images\4316.png,1,0,0,0,0
images\4317.png,1,0,0,0,0
images\4318.png,1,0,0,0,0
images\4319.png,1,0,0,0,0
images\4320.png,1,0,0,0,0
images\4321.png,1,0,0,0,0
images\4322.png,1,0,0,0,0
images\4323.png,1,0,0,0,0
images\4324.png,1,0,0,0,0
images\4325.png,1,0,0,0,0
images\4326.png,1,0,0,0,0
images\4327.png,1,0,0,0,0
images\4328.png,1,0,0,0,0
images\4329.png,1,0,0,0,0
images\4330.png,1,0,0,0,0
images\4331.png,1,0,0,0,0
images\4332.png,1,0,0,0,0
images\4333.png,1,0,0,0,0
images\4334.png,1,0,0,0,0
images\4335.png,1,0,0,0,0
images\4336.png,1,0,0,0,0
images\4337.png,1,0,0,0,0
images\4338.png,1,0,0,0,0
images\4339.png,1,0,0,0,0
images\4340.png,1,0,0,0,0
images\4341.png,1,0,0,0,0
images\4342.png,1,0,0,0,0
images\4343.png,1,0,0,0,0
images\4344.png,1,0,0,0,0
images\4345.png,1,0,0,0,0
images\4346.png,1,0,0,0,0
images\4347.png,1,0,0,0,0
images\4348.png,1,0,0,0,0
images\4349.png,1,0,0,0,0
images\4350.png,1,0,0,0,0
images\4351.png,1,0,0,0,0
images\4352.png,1,0,0,0,0
images\4353.png,1,0,0,0,0
images\4354.png,1,0,0,0,0
images\4355.png,1,0,0,0,0
images\4356.png,1,0,0,0,0
images\4357.png,1,0,0,0,0
images\4358.png,1,0,0,0,0
images\4359.png,1,0,0,0,0
images\4360.png,1,0,0,0,0
images\4361.png,1,0,0,0,0
images\4362.png,1,0,0,0,0
images\4363.png,1,0,0,0,0
images\4364.png,1,0,0,0,0
images\4365.png,1,0,0,0,0
images\4366.png,1,0,0,0,0
images\4367.png,1,0,0,0,0
images\4368.png,1,0,0,0,0
images\4369.png,1,0,0,0,0
images\4370.png,1,0,0,0,0
images\4371.png,1,0,0,0,0
images\4372.png,1,0,0,0,0
images\4373.png,1,0,0,0,0
images\4374.png,1,0,0,0,0
images\4375.png,1,0,0,0,0
images\4376.png,1,0,0,0,0
images\4377.png,1,0,0,0,0
images\4378.png,1,0,0,0,0
images\4379.png,1,0,0,0,0
images\4380.png,1,0,0,0,0
images\4381.png,1,0,0,0,0
images\4382.png,1,0,0,0,0
images\4383.png,1,0,0,0,0
images\4384.png,1,0,0,0,0
images\4385.png,1,0,0,0,0
images\4386.png,1,0,0,0,0
images\4387.png,1,0,0,0,0
images\4388.png,1,0,0,0,0
images\4389.png,1,0,0,0,0
images\4390.png,1,0,0,0,0
images\4391.png,1,0,0,0,0
images\4392.png,1,0,0,0,0
images\4393.png,1,0,0,0,0
images\4394.png,1,0,0,0,0
images\4395.png,1,0,0,0,0
images\4396.png,1,0,0,0,0
images\4397.png,1,0,0,0,0
images\4398.png,1,0,0,0,0
images\4399.png,1,0,0,0,0
images\4400.png,1,0,0,0,0
images\4401.png,1,0,0,0,0
images\4402.png,1,0,0,0,0
images\4403.png,1,0,0,0,0
images\4404.png,1,0,0,0,0
images\4405.png,1,0,0,0,0
images\4406.png,1,0,0,0,0
images\4407.png,1,0,0,0,0
images\4408.png,1,0,0,0,0
images\4409.png,1,0,0,0,0
images\4410.png,1,0,0,0,0
images\4411.png,1,0,0,0,0
images\4412.png,1,0,0,0,0
images\4413.png,1,0,0,0,0
images\4414.png,1,0,0,0,0
images\4415.png,1,0,0,0,0
images\4416.png,1,0,0,0,0
images\4417.png,1,0,0,0,0
images\4418.png,1,0,0,0,0
images\4419.png,1,0,0,0,0
images\4420.png,1,0,0,0,0
images\4421.png,1,0,0,0,0
images\4422.png,1,0,0,0,0
images\4423.png,1,0,0,0,0
images\4424.png,1,0,0,0,0
images\4425.png,1,0,0,0,0
images\4426.png,1,0,0,0,0
images\4427.png,1,0,0,0,0
images\4428.png,1,0,0,0,0
images\4429.png,1,0,0,0,0
images\4430.png,1,0,0,0,0
images\4431.png,1,0,0,0,0
images\4432.png,1,0,0,0,0
images\4433.png,1,0,0,0,0
images\4434.png,1,0,0,0,0
images\4435.png,1,0,0,0,0
images\4436.png,1,0,0,0,0
images\4437.png,1,0,0,0,0
images\4438.png,1,0,0,0,0
images\4439.png,1,0,0,0,0
images\4440.png,1,0,0,0,0
images\4441.png,1,0,0,0,0
images\4442.png,1,0,0,0,0
images\4443.png,1,0,0,0,0
images\4444.png,1,0,0,0,0
images\4445.png,1,0,0,0,0
images\4446.png,1,0,0,0,0
images\4447.png,1,0,0,0,0
images\4448.png,1,0,0,0,0
images\4449.png,1,0,0,0,0
images\4450.png,1,0,0,0,0
images\4451.png,1,0,0,0,0
images\4452.png,1,0,0,0,0
images\4453.png,1,0,0,0,0
images\4454.png,1,0,0,0,0
images\4455.png,1,0,0,0,0
images\4456.png,1,0,0,0,0
images\4457.png,1,0,0,0,0
images\4458.png,1,0,0,0,0
images\4459.png,1,0,0,0,0
images\4460.png,1,0,0,0,0
images\4461.png,1,0,0,0,0
images\4462.png,1,0,0,0,0
images\4463.png,1,0,0,0,0
images\4464.png,1,0,0,0,0
images\4465.png,1,0,0,0,0
images\4466.png,1,0,0,0,0
images\4467.png,1,0,0,0,0
images\4468.png,1,0,0,0,0
images\4469.png,1,0,0,0,0
images\4470.png,1,0,0,0,0
images\4471.png,1,0,0,0,0
images\4472.png,1,0,0,0,0
images\4473.png,1,0,0,0,0
images\4474.png,1,0,0,0,0
images\4475.png,1,0,0,0,0
images\4476.png,1,0,0,0,0
images\4477.png,1,0,0,0,0
images\4478.png,1,0,0,0,0
images\4479.png,1,0,0,0,0
images\4480.png,1,0,0,0,0
images\4481.png,1,0,0,0,0
images\4482.png,1,0,0,0,0
images\4483.png,1,0,0,0,0
images\4484.png,1,0,0,0,0
images\4485.png,1,0,0,0,0
images\4486.png,1,0,0,0,0
images\4487.png,1,0,0,0,0
images\4488.png,1,0,0,0,0
images\4489.png,1,0,0,0,0
images\4490.png,1,0,0,0,0
images\4491.png,1,0,0,0,0
images\4492.png,1,0,0,0,0
images\4493.png,1,0,0,0,0
images\4494.png,1,0,0,0,0
images\4495.png,1,0,0,0,0
images\4496.png,1,0,0,0,0
images\4497.png,1,0,0,0,0
images\4498.png,1,0,0,0,0
images\4499.png,1,0,0,0,0
images\4500.png,1,0,0,0,0
images\4501.png,1,0,0,0,0
images\4502.png,1,0,0,0,0
images\4503.png,1,0,0,0,0
images\4504.png,1,0,0,0,0
images\4505.png,1,0,0,0,0
images\4506.png,1,0,0,0,0
images\4507.png,1,0,0,0,0
images\4508.png,1,0,0,0,0
images\4509.png,1,0,0,0,0
images\4510.png,1,0,0,0,0
images\4511.png,1,0,0,0,0
images\4512.png,1,0,0,0,0
images\4513.png,1,0,0,0,0
images\4514.png,1,0,0,0,0
images\4515.png,1,0,0,0,0
images\4516.png,1,0,0,0,0
images\4517.png,1,0,0,0,0
images\4518.png,1,0,0,0,0
images\4519.png,1,0,0,0,0
images\4520.png,1,0,0,0,0
images\4521.png,1,0,0,0,0
images\4522.png,1,0,0,0,0
images\4523.png,1,0,0,0,0
images\4524.png,1,0,0,0,0
images\4525.png,1,0,0,0,0
images\4526.png,1,0,0,0,0
images\4527.png,1,0,0,0,0
images\4528.png,1,0,0,0,0
images\4529.png,1,0,0,0,0
images\4530.png,1,0,0,0,0
images\4531.png,1,0,0,0,0
images\4532.png,1,0,0,0,0
images\4533.png,1,0,0,0,0
images\4534.png,1,0,0,0,0
images\4535.png,1,0,0,0,0
images\4536.png,1,0,0,0,0
images\4537.png,1,0,0,0,0
images\4538.png,1,0,0,0,0
images\4539.png,1,0,0,0,0
images\4540.png,1,0,0,0,0
images\4541.png,1,0,0,0,0
images\4542.png,1,0,0,0,0
images\4543.png,1,0,0,0,0
images\4544.png,1,0,0,0,0
images\4545.png,1,0,0,0,0
images\4546.png,1,0,0,0,0
images\4547.png,1,0,0,0,0
images\4548.png,1,0,0,0,0
images\4549.png,1,0,0,0,0
images\4550.png,1,0,0,0,0
images\4551.png,1,0,0,0,0
images\4552.png,1,0,0,0,0
images\4553.png,1,0,0,0,0
images\4554.png,1,0,0,0,0
images\4555.png,1,0,0,0,0
images\4556.png,1,0,0,0,0
images\4557.png,1,0,0,0,0
images\4558.png,1,0,0,0,0
images\4559.png,1,0,0,0,0
images\4560.png,1,0,0,0,0
images\4561.png,1,0,0,0,0
images\4562.png,1,0,0,0,0
images\4563.png,1,0,0,0,0
images\4564.png,1,0,0,0,0
images\4565.png,1,0,0,0,0
images\4566.png,1,0,0,0,0
images\4567.png,1,0,0,0,0
images\4568.png,1,0,0,0,0
images\4569.png,1,0,0,0,0
images\4570.png,1,0,0,0,0
images\4571.png,1,0,0,0,0
images\4572.png,1,0,0,0,0
images\4573.png,1,0,0,0,0
images\4574.png,1,0,0,0,0
images\4575.png,1,0,0,0,0
images\4576.png,1,0,0,0,0
images\4577.png,1,0,0,0,0
images\4578.png,1,0,0,0,0
images\4579.png,1,0,0,0,0
images\4580.png,1,0,0,0,0
images\4581.png,1,0,0,0,0
images\4582.png,1,0,0,0,0
images\4583.png,1,0,0,0,0
images\4584.png,1,0,0,0,0
images\4585.png,1,0,0,0,0
images\4586.png,1,0,0,0,0
images\4587.png,1,0,0,0,0
images\4588.png,1,0,0,0,0
images\4589.png,1,0,0,0,0
images\4590.png,1,0,0,0,0
images\4591.png,1,0,0,0,0
images\4592.png,1,0,0,0,0
images\4593.png,1,0,0,0,0
images\4594.png,1,0,0,0,0
images\4595.png,1,0,0,0,0
images\4596.png,1,0,0,0,0
images\4597.png,1,0,0,0,0
images\4598.png,1,0,0,0,0
images\4599.png,1,0,0,0,0
images\4600.png,1,0,0,0,0
images\4601.png,1,0,0,0,0
images\4602.png,1,0,0,0,0
images\4603.png,1,0,0,0,0
images\4604.png,1,0,0,0,0
images\4605.png,1,0,0,0,0
images\4606.png,1,0,0,0,0
images\4607.png,1,0,0,0,0
images\4608.png,1,0,0,0,0
images\4609.png,1,0,0,0,0
images\4610.png,1,0,0,0,0
images\4611.png,1,0,0,0,0
images\4612.png,1,0,0,0,0
images\4613.png,1,0,0,0,0
images\4614.png,1,0,0,0,0
images\4615.png,1,0,0,0,0
images\4616.png,1,0,0,0,0
images\4617.png,1,0,0,0,0
images\4618.png,1,0,0,0,0
images\4619.png,1,0,0,0,0
images\4620.png,1,0,0,0,0
images\4621.png,1,0,0,0,0
images\4622.png,1,0,0,0,0
images\4623.png,1,0,0,0,0
images\4624.png,1,0,0,0,0
images\4625.png,1,0,0,0,0
images\4626.png,1,0,0,0,0
images\4627.png,1,0,0,0,0
images\4628.png,1,0,0,0,0
images\4629.png,1,0,0,0,0
images\4630.png,1,0,0,0,0
images\4631.png,1,0,0,0,0
images\4632.png,1,0,0,0,0
images\4633.png,1,0,0,0,0
images\4634.png,1,0,0,0,0
images\4635.png,1,0,0,0,0
images\4636.png,1,0,0,0,0
images\4637.png,1,0,0,0,0
images\4638.png,1,0,0,0,0
images\4639.png,1,0,0,0,0
images\4640.png,1,0,0,0,0
images\4641.png,1,0,0,0,0
images\4642.png,1,0,0,0,0
images\4643.png,1,0,0,0,0
images\4644.png,1,0,0,0,0
images\4645.png,1,0,0,0,0
images\4646.png,1,0,0,0,0
images\4647.png,1,0,0,0,0
images\4648.png,1,0,0,0,0
images\4649.png,1,0,0,0,0
images\4650.png,1,0,0,0,0
images\4651.png,1,0,0,0,0
images\4652.png,1,0,0,0,0
images\4653.png,1,0,0,0,0
images\4654.png,1,0,0,0,0
images\4655.png,1,0,0,0,0
images\4656.png,1,0,0,0,0
images\4657.png,1,0,0,0,0
images\4658.png,1,0,0,0,0
images\4659.png,1,0,0,0,0
images\4660.png,1,0,0,0,0
images\4661.png,1,0,0,0,0
images\4662.png,1,0,0,0,0
images\4663.png,1,0,0,0,0
images\4664.png,1,0,0,0,0
images\4665.png,1,0,0,0,0
images\4666.png,1,0,0,0,0
images\4667.png,1,0,0,0,0
images\4668.png,1,0,0,0,0
images\4669.png,1,0,0,0,0
images\4670.png,1,0,0,0,0
images\4671.png,1,0,0,0,0
images\4672.png,1,0,0,0,0
images\4673.png,1,0,0,0,0
images\4674.png,1,0,0,0,0
images\4675.png,1,0,0,0,0
images\4676.png,1,0,0,0,0
images\4677.png,1,0,0,0,0
images\4678.png,1,0,0,0,0
images\4679.png,1,0,0,0,0
images\4680.png,1,0,0,0,0
images\4681.png,1,0,0,0,0
images\4682.png,1,0,0,0,0
images\4683.png,1,0,0,0,0
images\4684.png,1,0,0,0,0
images\4685.png,1,0,0,0,0
images\4686.png,1,0,0,0,0
images\4687.png,1,0,0,0,0
images\4688.png,1,0,0,0,0
images\4689.png,1,0,0,0,0
images\4690.png,1,0,0,0,0
images\4691.png,1,0,0,0,0
images\4692.png,1,0,0,0,0
images\4693.png,1,0,0,0,0
images\4694.png,1,0,0,0,0
images\4695.png,1,0,0,0,0
images\4696.png,1,0,0,0,0
images\4697.png,1,0,0,0,0
images\4698.png,1,0,0,0,0
images\4699.png,1,0,0,0,0
images\4700.png,1,0,0,0,0
images\4701.png,1,0,0,0,0
images\4702.png,1,0,0,0,0
images\4703.png,1,0,0,0,0
images\4704.png,1,0,0,0,0
images\4705.png,1,0,0,0,0
images\4706.png,1,0,0,0,0
images\4707.png,1,0,0,0,0
images\4708.png,1,0,0,0,0
images\4709.png,1,0,0,0,0
images\4710.png,1,0,0,0,0
images\4711.png,1,0,0,0,0
images\4712.png,1,0,0,0,0
images\4713.png,1,0,0,0,0
images\4714.png,1,0,0,0,0
images\4715.png,1,0,0,0,0
images\4716.png,1,0,0,0,0
images\4717.png,1,0,0,0,0
images\4718.png,1,0,0,0,0
images\4719.png,1,0,0,0,0
images\4720.png,1,0,0,0,0
images\4721.png,1,0,0,0,0
images\4722.png,1,0,0,0,0
images\4723.png,1,0,0,0,0
images\4724.png,1,0,0,0,0
images\4725.png,1,0,0,0,0
images\4726.png,1,0,0,0,0
images\4727.png,1,0,0,0,0
images\4728.png,1,0,0,0,0
images\4729.png,1,0,0,0,0
images\4730.png,1,0,0,0,0
images\4731.png,1,0,0,0,0
images\4732.png,1,0,0,0,0
images\4733.png,1,0,0,0,0
images\4734.png,1,0,0,0,0
images\4735.png,1,0,0,0,0
images\4736.png,1,0,0,0,0
images\4737.png,1,0,0,0,0
images\4738.png,1,0,0,0,0
images\4739.png,1,0,0,0,0
images\4740.png,1,0,0,0,0
images\4741.png,1,0,0,0,0
images\4742.png,1,0,0,0,0
images\4743.png,1,0,0,0,0
images\4744.png,1,1,0,0,0
images\4745.png,1,1,0,0,0
images\4746.png,1,1,0,0,0
images\4747.png,1,1,0,0,0
images\4748.png,1,1,0,0,0
images\4749.png,1,1,0,0,0
images\4750.png,1,1,0,0,0
images\4751.png,1,1,0,0,0
images\4752.png,1,1,0,0,0
images\4753.png,1,1,0,0,0
images\4754.png,1,1,0,0,0
images\4755.png,1,1,0,0,0
images\4756.png,1,1,0,0,0
images\4757.png,1,1,0,0,0
images\4758.png,1,1,0,0,0
images\4759.png,1,1,0,0,0
images\4760.png,1,1,0,0,0
images\4761.png,1,1,0,0,0
images\4762.png,1,1,0,0,0
images\4763.png,1,1,0,0,0
images\4764.png,1,1,0,0,0
images\4765.png,1,1,0,0,0
images\4766.png,1,1,0,0,0
images\4767.png,1,1,0,0,0
images\4768.png,1,1,0,0,0
images\4769.png,1,1,0,0,0
images\4770.png,1,1,0,0,0
images\4771.png,1,1,0,0,0
images\4772.png,1,1,0,0,0
images\4773.png,1,1,0,0,0
images\4774.png,1,1,0,0,0
images\4775.png,1,1,0,0,0
images\4776.png,1,1,0,0,0
images\4777.png,1,1,0,0,0
images\4778.png,1,1,0,0,0
images\4779.png,1,1,0,0,0
images\4780.png,1,1,0,0,0
images\4781.png,1,1,0,0,0
images\4782.png,1,1,0,0,0
images\4783.png,1,1,0,0,0
images\4784.png,1,1,0,0,0
images\4785.png,1,1,0,0,0
images\4786.png,1,1,0,0,0
images\4787.png,1,1,0,0,0
images\4788.png,1,1,0,0,0
images\4789.png,1,1,0,0,0
images\4790.png,1,1,0,0,0
images\4791.png,1,1,0,0,0
images\4792.png,1,1,0,0,0
images\4793.png,1,1,0,0,0
images\4794.png,1,1,0,0,0
images\4795.png,1,1,0,0,0
images\4796.png,1,1,0,0,0
images\4797.png,1,1,0,0,0
images\4798.png,1,1,0,0,0
images\4799.png,1,1,0,0,0
images\4800.png,1,1,0,0,0
images\4801.png,1,1,0,0,0
images\4802.png,1,1,0,0,0
images\4803.png,1,1,0,0,0
images\4804.png,1,1,0,0,0
images\4805.png,1,1,0,0,0
images\4806.png,1,1,0,0,0
images\4807.png,1,1,0,0,0
images\4808.png,1,1,0,0,0
images\4809.png,1,1,0,0,0
images\4810.png,1,1,0,0,0
images\4811.png,1,1,0,0,0
images\4812.png,1,1,0,0,0
images\4813.png,1,1,0,0,0
images\4814.png,1,1,0,0,0
images\4815.png,1,1,0,0,0
images\4816.png,1,1,0,0,0
images\4817.png,1,1,0,0,0
images\4818.png,1,1,0,0,0
images\4819.png,1,1,0,0,0
images\4820.png,1,1,0,0,0
images\4821.png,1,1,0,0,0
images\4822.png,1,1,0,0,0
images\4823.png,1,1,0,0,0
images\4824.png,1,1,0,0,0
images\4825.png,1,1,0,0,0
images\4826.png,1,1,0,0,0
images\4827.png,1,1,0,0,0
images\4828.png,1,1,0,0,0
images\4829.png,1,1,0,0,0
images\4830.png,1,1,0,0,0
images\4831.png,1,1,0,0,0
images\4832.png,1,1,0,0,0
images\4833.png,1,1,0,0,0
images\4834.png,1,1,0,0,0
images\4835.png,1,1,0,0,0
images\4836.png,1,1,0,0,0
images\4837.png,1,1,0,0,0
images\4838.png,1,1,0,0,0
images\4839.png,1,1,0,0,0
images\4840.png,1,1,0,0,0
images\4841.png,1,1,0,0,0
images\4842.png,1,1,0,0,0
images\4843.png,1,1,0,0,0
images\4844.png,1,1,0,0,0
images\4845.png,1,1,0,0,0
images\4846.png,1,1,0,0,0
images\4847.png,1,1,0,0,0
images\4848.png,1,1,0,0,0
images\4849.png,1,1,0,0,0
images\4850.png,1,1,0,0,0
images\4851.png,1,1,0,0,0
images\4852.png,1,1,0,0,0
images\4853.png,1,1,0,0,0
images\4854.png,1,1,0,0,0
images\4855.png,1,1,0,0,0
images\4856.png,1,1,0,0,0
images\4857.png,1,1,0,0,0
images\4858.png,1,1,0,0,0
images\4859.png,1,1,0,0,0
images\4860.png,1,1,0,0,0
images\4861.png,1,1,0,0,0
images\4862.png,1,1,0,0,0
images\4863.png,1,1,0,0,0
images\4864.png,1,1,0,0,0
images\4865.png,1,1,0,0,0
images\4866.png,1,1,0,0,0
images\4867.png,1,1,0,0,0
images\4868.png,1,1,0,0,0
images\4869.png,1,1,0,0,0
images\4870.png,1,1,0,0,0
images\4871.png,1,1,0,0,0
images\4872.png,1,1,0,0,0
images\4873.png,1,1,0,0,0
images\4874.png,1,1,0,0,0
images\4875.png,1,1,0,0,0
images\4876.png,1,1,0,0,0
images\4877.png,1,1,0,0,0
images\4878.png,1,1,0,0,0
images\4879.png,1,1,0,0,0
images\4880.png,1,1,0,0,0
images\4881.png,1,1,0,0,0
images\4882.png,1,1,0,0,0
images\4883.png,1,1,0,0,0
images\4884.png,1,1,0,0,0
images\4885.png,1,1,0,0,0
images\4886.png,1,1,0,0,0
images\4887.png,1,1,0,0,0
images\4888.png,1,1,0,0,0
images\4889.png,1,1,0,0,0
images\4890.png,1,1,0,0,0
images\4891.png,1,1,0,0,0
images\4892.png,1,1,0,0,0
images\4893.png,1,1,0,0,0
images\4894.png,1,1,0,0,0
images\4895.png,1,1,0,0,0
images\4896.png,1,1,0,0,0
images\4897.png,1,1,0,0,0
images\4898.png,1,1,0,0,0
images\4899.png,1,1,0,0,0
images\4900.png,1,1,0,0,0
images\4901.png,1,1,0,0,0
images\4902.png,1,1,0,0,0
images\4903.png,1,1,0,0,0
images\4904.png,1,1,0,0,0
images\4905.png,1,1,0,0,0
images\4906.png,1,1,0,0,0
images\4907.png,1,1,0,0,0
images\4908.png,1,1,0,0,0
images\4909.png,1,1,0,0,0
images\4910.png,1,1,0,0,0
images\4911.png,1,1,0,0,0
images\4912.png,1,1,0,0,0
images\4913.png,1,1,0,0,0
images\4914.png,1,1,0,0,0
images\4915.png,1,1,0,0,0
images\4916.png,1,1,0,0,0
images\4917.png,1,1,0,0,0
images\4918.png,1,1,0,0,0
images\4919.png,1,1,0,0,0
images\4920.png,1,1,0,0,0
images\4921.png,1,1,0,0,0
images\4922.png,1,1,0,0,0
images\4923.png,1,1,0,0,0
images\4924.png,1,1,0,0,0
images\4925.png,1,1,0,0,0
images\4926.png,1,1,0,0,0
images\4927.png,1,1,0,0,0
images\4928.png,1,1,0,0,0
images\4929.png,1,1,0,0,0
images\4930.png,1,1,0,0,0
images\4931.png,1,1,0,0,0
images\4932.png,1,1,0,0,0
images\4933.png,1,1,0,0,0
images\4934.png,1,1,0,0,0
images\4935.png,1,1,0,0,0
images\4936.png,1,1,0,0,0
images\4937.png,1,1,0,0,0
images\4938.png,1,1,0,0,0
images\4939.png,1,1,0,0,0
images\4940.png,1,1,0,0,0
images\4941.png,1,1,0,0,0
images\4942.png,1,1,0,0,0
images\4943.png,1,1,0,0,0
images\4944.png,1,1,0,0,0
images\4945.png,1,1,0,0,0
images\4946.png,1,1,0,0,0
images\4947.png,1,1,0,0,0
images\4948.png,1,1,0,0,0
images\4949.png,1,1,0,0,0
images\4950.png,1,1,0,0,0
images\4951.png,1,1,0,0,0
images\4952.png,1,1,0,0,0
images\4953.png,1,1,0,0,0
images\4954.png,1,1,0,0,0
images\4955.png,1,1,0,0,0
images\4956.png,1,1,0,0,0
images\4957.png,1,1,0,0,0
images\4958.png,1,1,0,0,0
images\4959.png,1,1,0,0,0
images\4960.png,1,1,0,0,0
images\4961.png,1,1,0,0,0
images\4962.png,1,1,0,0,0
images\4963.png,1,1,0,0,0
images\4964.png,1,1,0,0,0
images\4965.png,1,1,0,0,0
images\4966.png,1,1,0,0,0
images\4967.png,1,1,0,0,0
images\4968.png,1,1,0,0,0
images\4969.png,1,1,0,0,0
images\4970.png,1,1,0,0,0
images\4971.png,1,1,0,0,0
images\4972.png,1,1,0,0,0
images\4973.png,1,1,0,0,0
images\4974.png,1,1,0,0,0
images\4975.png,1,1,0,0,0
images\4976.png,1,1,0,0,0
images\4977.png,1,1,0,0,0
images\4978.png,1,1,0,0,0
images\4979.png,1,1,0,0,0
images\4980.png,1,1,0,0,0
images\4981.png,1,1,0,0,0
images\4982.png,1,1,0,0,0
images\4983.png,1,1,0,0,0
images\4984.png,1,1,0,0,0
images\4985.png,1,1,0,0,0
images\4986.png,1,1,0,0,0
images\4987.png,1,1,0,0,0
images\4988.png,1,1,0,0,0
images\4989.png,1,1,0,0,0
images\4990.png,1,1,0,0,0
images\4991.png,1,1,0,0,0
images\4992.png,1,1,0,0,0
images\4993.png,1,1,0,0,0
images\4994.png,1,1,0,0,0
images\4995.png,1,1,0,0,0
images\4996.png,1,1,0,0,0
images\4997.png,1,1,0,0,0
images\4998.png,1,1,0,0,0
images\4999.png,1,1,0,0,0
images\5000.png,1,1,0,0,0
images\5001.png,1,1,0,0,0
images\5002.png,1,1,0,0,0
images\5003.png,1,1,0,0,0
images\5004.png,1,1,0,0,0
images\5005.png,1,1,0,0,0
images\5006.png,1,1,0,0,0
images\5007.png,1,1,0,0,0
images\5008.png,1,1,0,0,0
images\5009.png,1,1,0,0,0
images\5010.png,1,1,0,0,0
images\5011.png,1,1,0,0,0
images\5012.png,1,1,0,0,0
images\5013.png,1,1,0,0,0
images\5014.png,1,1,0,0,0
images\5015.png,1,1,0,0,0
images\5016.png,1,1,0,0,0
images\5017.png,1,1,0,0,0
images\5018.png,1,1,0,0,0
images\5019.png,1,1,0,0,0
images\5020.png,1,1,0,0,0
images\5021.png,1,1,0,0,0
images\5022.png,1,1,0,0,0
images\5023.png,1,1,0,0,0
images\5024.png,1,1,0,0,0
images\5025.png,1,1,0,0,0
images\5026.png,1,1,0,0,0
images\5027.png,1,1,0,0,0
images\5028.png,1,1,0,0,0
images\5029.png,1,1,0,0,0
images\5030.png,1,1,0,0,0
images\5031.png,1,1,0,0,0
images\5032.png,1,1,0,0,0
images\5033.png,1,1,0,0,0
images\5034.png,1,1,0,0,0
images\5035.png,1,1,0,0,0
images\5036.png,1,1,0,0,0
images\5037.png,1,1,0,0,0
images\5038.png,1,1,0,0,0
images\5039.png,1,1,0,0,0
images\5040.png,1,1,0,0,0
images\5041.png,1,1,0,0,0
images\5042.png,1,1,0,0,0
images\5043.png,1,1,0,0,0
images\5044.png,1,1,0,0,0
images\5045.png,1,1,0,0,0
images\5046.png,1,1,0,0,0
images\5047.png,1,1,0,0,0
images\5048.png,1,1,0,0,0
images\5049.png,1,1,0,0,0
images\5050.png,1,1,0,0,0
images\5051.png,1,1,0,0,0
images\5052.png,1,1,0,0,0
images\5053.png,1,1,0,0,0
images\5054.png,1,1,0,0,0
images\5055.png,1,1,0,0,0
images\5056.png,1,1,0,0,0
images\5057.png,1,1,0,0,0
images\5058.png,1,1,0,0,0
images\5059.png,1,1,0,0,0
images\5060.png,1,1,0,0,0
images\5061.png,1,1,0,0,0
images\5062.png,1,1,0,0,0
images\5063.png,1,1,0,0,0
images\5064.png,1,1,0,0,0
images\5065.png,1,1,0,0,0
images\5066.png,1,0,1,0,0
images\5067.png,1,0,1,0,0
images\5068.png,1,0,1,0,0
images\5069.png,1,0,1,0,0
images\5070.png,1,0,1,0,0
images\5071.png,1,0,1,0,0
images\5072.png,1,0,1,0,0
images\5073.png,1,0,1,0,0
images\5074.png,1,0,1,0,0
images\5075.png,1,0,1,0,0
images\5076.png,1,0,1,0,0
images\5077.png,1,0,1,0,0
images\5078.png,1,0,1,0,0
images\5079.png,1,0,1,0,0
images\5080.png,1,0,1,0,0
images\5081.png,1,0,1,0,0
images\5082.png,1,0,1,0,0
images\5083.png,1,0,1,0,0
images\5084.png,1,0,1,0,0
images\5085.png,1,0,1,0,0
images\5086.png,1,0,1,0,0
images\5087.png,1,0,1,0,0
images\5088.png,1,0,1,0,0
images\5089.png,1,0,1,0,0
images\5090.png,1,0,1,0,0
images\5091.png,1,0,1,0,0
images\5092.png,1,0,1,0,0
images\5093.png,1,0,1,0,0
images\5094.png,1,0,1,0,0
images\5095.png,1,0,1,0,0
images\5096.png,1,0,1,0,0
images\5097.png,1,0,1,0,0
images\5098.png,1,0,1,0,0
images\5099.png,1,0,1,0,0
images\5100.png,1,0,1,0,0
images\5101.png,1,0,1,0,0
images\5102.png,1,0,1,0,0
images\5103.png,1,0,1,0,0
images\5104.png,1,0,1,0,0
images\5105.png,1,0,1,0,0
images\5106.png,1,0,1,0,0
images\5107.png,1,0,1,0,0
images\5108.png,1,0,1,0,0
images\5109.png,1,0,1,0,0
images\5110.png,1,0,1,0,0
images\5111.png,1,0,1,0,0
images\5112.png,1,0,1,0,0
images\5113.png,1,0,1,0,0
images\5114.png,1,0,1,0,0
images\5115.png,1,0,1,0,0
images\5116.png,1,0,1,0,0
images\5117.png,1,0,1,0,0
images\5118.png,1,0,1,0,0
images\5119.png,1,0,1,0,0
images\5120.png,1,0,1,0,0
images\5121.png,1,0,1,0,0
images\5122.png,1,0,1,0,0
images\5123.png,1,0,1,0,0
images\5124.png,1,0,1,0,0
images\5125.png,1,0,1,0,0
images\5126.png,1,0,1,0,0
images\5127.png,1,0,1,0,0
images\5128.png,1,0,1,0,0
images\5129.png,1,0,1,0,0
images\5130.png,1,0,1,0,0
images\5131.png,1,0,1,0,0
images\5132.png,1,0,1,0,0
images\5133.png,1,0,1,0,0
images\5134.png,1,0,1,0,0
images\5135.png,1,0,1,0,0
images\5136.png,1,0,1,0,0
images\5137.png,1,0,1,0,0
images\5138.png,1,0,1,0,0
images\5139.png,1,0,1,0,0
images\5140.png,1,0,1,0,0
images\5141.png,1,0,1,0,0
images\5142.png,1,0,1,0,0
images\5143.png,1,0,1,0,0
images\5144.png,1,0,1,0,0
images\5145.png,1,0,1,0,0
images\5146.png,1,0,1,0,0
images\5147.png,1,0,1,0,0
images\5148.png,1,0,1,0,0
images\5149.png,1,0,1,0,0
images\5150.png,1,0,1,0,0
images\5151.png,1,0,1,0,0
images\5152.png,1,0,1,0,0
images\5153.png,1,0,1,0,0
images\5154.png,1,0,1,0,0
images\5155.png,1,0,1,0,0
images\5156.png,1,0,1,0,0
images\5157.png,1,0,1,0,0
images\5158.png,1,0,1,0,0
images\5159.png,1,0,1,0,0
images\5160.png,1,0,1,0,0
images\5161.png,1,0,1,0,0
images\5162.png,1,0,1,0,0
images\5163.png,1,0,1,0,0
images\5164.png,1,0,1,0,0
images\5165.png,1,0,1,0,0
images\5166.png,1,0,1,0,0
images\5167.png,1,0,1,0,0
images\5168.png,1,0,1,0,0
images\5169.png,1,0,1,0,0
images\5170.png,1,0,1,0,0
images\5171.png,1,0,1,0,0
images\5172.png,1,0,1,0,0
images\5173.png,1,0,1,0,0
images\5174.png,1,0,1,0,0
images\5175.png,1,0,1,0,0
images\5176.png,1,0,1,0,0
images\5177.png,1,0,1,0,0
images\5178.png,1,0,1,0,0
images\5179.png,1,0,1,0,0
images\5180.png,1,0,1,0,0
images\5181.png,1,0,1,0,0
images\5182.png,1,0,1,0,0
images\5183.png,1,0,1,0,0
images\5184.png,1,0,1,0,0
images\5185.png,1,0,1,0,0
images\5186.png,1,0,1,0,0
images\5187.png,1,0,1,0,0
images\5188.png,1,0,1,0,0
images\5189.png,1,0,1,0,0
images\5190.png,1,0,1,0,0
images\5191.png,1,0,1,0,0
images\5192.png,1,0,1,0,0
images\5193.png,1,0,1,0,0
images\5194.png,1,0,1,0,0
images\5195.png,1,0,1,0,0
images\5196.png,1,0,1,0,0
images\5197.png,1,0,1,0,0
images\5198.png,1,0,1,0,0
images\5199.png,1,0,1,0,0
images\5200.png,1,0,1,0,0
images\5201.png,1,0,1,0,0
images\5202.png,1,0,1,0,0
images\5203.png,1,0,1,0,0
images\5204.png,1,0,1,0,0
images\5205.png,1,0,1,0,0
images\5206.png,1,0,1,0,0
images\5207.png,1,0,1,0,0
images\5208.png,1,0,1,0,0
images\5209.png,1,0,1,0,0
images\5210.png,1,0,1,0,0
images\5211.png,1,0,1,0,0
images\5212.png,1,0,1,0,0
images\5213.png,1,0,1,0,0
images\5214.png,1,0,1,0,0
images\5215.png,1,0,1,0,0
images\5216.png,1,0,1,0,0
images\5217.png,1,0,1,0,0
images\5218.png,1,0,1,0,0
images\5219.png,1,0,1,0,0
images\5220.png,1,0,1,0,0
images\5221.png,1,0,1,0,0
images\5222.png,1,0,1,0,0
images\5223.png,1,0,1,0,0
images\5224.png,1,0,1,0,0
images\5225.png,1,0,1,0,0
images\5226.png,1,0,1,0,0
images\5227.png,1,0,1,0,0
images\5228.png,1,0,1,0,0
images\5229.png,1,0,1,0,0
images\5230.png,1,0,1,0,0
images\5231.png,1,0,1,0,0
images\5232.png,1,0,1,0,0
images\5233.png,1,0,1,0,0
images\5234.png,1,0,1,0,0
images\5235.png,1,0,1,0,0
images\5236.png,1,0,1,0,0
images\5237.png,1,0,1,0,0
images\5238.png,1,0,1,0,0
images\5239.png,1,0,1,0,0
images\5240.png,1,0,1,0,0
images\5241.png,1,0,1,0,0
images\5242.png,1,0,1,0,0
images\5243.png,1,0,1,0,0
images\5244.png,1,0,1,0,0
images\5245.png,1,0,1,0,0
images\5246.png,1,0,1,0,0
images\5247.png,1,0,1,0,0
images\5248.png,1,0,1,0,0
images\5249.png,1,0,1,0,0
images\5250.png,1,0,1,0,0
images\5251.png,1,0,1,0,0
images\5252.png,1,0,1,0,0
images\5253.png,1,0,1,0,0
images\5254.png,1,0,1,0,0
images\5255.png,1,0,1,0,0
images\5256.png,1,0,1,0,0
images\5257.png,1,0,1,0,0
images\5258.png,1,0,1,0,0
images\5259.png,1,0,1,0,0
images\5260.png,1,0,1,0,0
images\5261.png,1,0,1,0,0
images\5262.png,1,0,1,0,0
images\5263.png,1,0,1,0,0
images\5264.png,1,0,1,0,0
images\5265.png,1,0,1,0,0
images\5266.png,1,0,1,0,0
images\5267.png,1,0,1,0,0
images\5268.png,1,0,1,0,0
images\5269.png,1,0,1,0,0
images\5270.png,1,0,1,0,0
images\5271.png,1,0,1,0,0
images\5272.png,1,0,1,0,0
images\5273.png,1,0,1,0,0
images\5274.png,1,0,1,0,0
images\5275.png,1,0,1,0,0
images\5276.png,1,0,1,0,0
images\5277.png,1,0,1,0,0
images\5278.png,1,0,1,0,0
images\5279.png,1,0,1,0,0
images\5280.png,1,0,1,0,0
images\5281.png,1,0,1,0,0
images\5282.png,1,0,1,0,0
images\5283.png,1,0,1,0,0
images\5284.png,1,0,1,0,0
images\5285.png,1,0,1,0,0
images\5286.png,1,0,1,0,0
images\5287.png,1,0,1,0,0
images\5288.png,1,0,1,0,0
images\5289.png,1,0,1,0,0
images\5290.png,1,0,1,0,0
images\5291.png,1,0,1,0,0
images\5292.png,1,0,1,0,0
images\5293.png,1,0,1,0,0
images\5294.png,1,0,1,0,0
images\5295.png,1,0,1,0,0
images\5296.png,1,0,1,0,0
images\5297.png,1,0,1,0,0
images\5298.png,1,0,1,0,0
images\5299.png,1,0,1,0,0
images\5300.png,1,0,1,0,0
images\5301.png,1,0,1,0,0
images\5302.png,1,0,1,0,0
images\5303.png,1,0,1,0,0
images\5304.png,1,0,1,0,0
images\5305.png,1,0,1,0,0
images\5306.png,1,0,1,0,0
images\5307.png,1,0,1,0,0
images\5308.png,1,0,1,0,0
images\5309.png,1,0,1,0,0
images\5310.png,1,0,1,0,0
images\5311.png,1,0,1,0,0
images\5312.png,1,0,1,0,0
images\5313.png,1,0,1,0,0
images\5314.png,1,0,1,0,0
images\5315.png,1,0,1,0,0
images\5316.png,1,0,1,0,0
images\5317.png,1,0,1,0,0
images\5318.png,1,0,1,0,0
images\5319.png,1,0,1,0,0
images\5320.png,1,0,1,0,0
images\5321.png,1,0,1,0,0
images\5322.png,1,0,1,0,0
images\5323.png,1,0,1,0,0
images\5324.png,1,0,1,0,0
images\5325.png,1,0,1,0,0
images\5326.png,1,0,1,0,0
images\5327.png,1,0,1,0,0
images\5328.png,1,0,1,0,0
images\5329.png,1,0,1,0,0
images\5330.png,1,0,1,0,0
images\5331.png,1,0,1,0,0
images\5332.png,1,0,1,0,0
images\5333.png,1,0,1,0,0
images\5334.png,1,0,1,0,0
images\5335.png,1,0,1,0,0
images\5336.png,1,0,1,0,0
images\5337.png,1,0,1,0,0
images\5338.png,1,0,1,0,0
images\5339.png,1,0,1,0,0
images\5340.png,1,0,1,0,0
images\5341.png,1,0,1,0,0
images\5342.png,1,0,1,0,0
images\5343.png,1,0,1,0,0
images\5344.png,1,0,1,0,0
images\5345.png,1,0,1,0,0
images\5346.png,1,0,1,0,0
images\5347.png,1,0,1,0,0
images\5348.png,1,0,1,0,0
images\5349.png,0,0,0,1,0
images\5350.png,0,0,0,1,0
images\5351.png,0,0,0,1,0
images\5352.png,0,0,0,1,0
images\5353.png,0,0,0,1,0
images\5354.png,0,0,0,1,0
images\5355.png,0,0,0,1,0
images\5356.png,0,0,0,1,0
images\5357.png,0,0,0,1,0
images\5358.png,0,0,0,1,0
images\5359.png,0,0,0,1,0
images\5360.png,0,0,0,1,0
images\5361.png,0,0,0,1,0
images\5362.png,0,0,0,1,0
images\5363.png,0,0,0,1,0
images\5364.png,0,0,0,1,0
images\5365.png,0,0,0,1,0
images\5366.png,0,0,0,1,0
images\5367.png,0,0,0,1,0
images\5368.png,0,0,0,1,0
images\5369.png,0,0,0,1,0
images\5370.png,0,0,0,1,0
images\5371.png,0,0,0,1,0
images\5372.png,0,0,0,1,0
images\5373.png,0,0,0,1,0
images\5374.png,0,0,0,1,0
images\5375.png,0,0,0,1,0
images\5376.png,0,0,0,1,0
images\5377.png,0,0,0,1,0
images\5378.png,0,0,0,1,0
images\5379.png,0,0,0,1,0
images\5380.png,0,0,0,1,0
images\5381.png,0,0,0,1,0
images\5382.png,0,0,0,1,0
images\5383.png,0,0,0,1,0
images\5384.png,0,0,0,1,0
images\5385.png,0,0,0,1,0
images\5386.png,0,0,0,1,0
images\5387.png,0,0,0,1,0
images\5388.png,0,0,0,1,0
images\5389.png,0,0,0,1,0
images\5390.png,0,0,0,1,0
images\5391.png,0,0,0,1,0
images\5392.png,0,0,0,1,0
images\5393.png,0,0,0,1,0
images\5394.png,0,0,0,1,0
images\5395.png,0,0,0,1,0
images\5396.png,0,0,0,1,0
images\5397.png,0,0,0,1,0
images\5398.png,0,0,0,1,0
images\5399.png,0,0,0,1,0
images\5400.png,0,0,0,1,0
images\5401.png,0,0,0,1,0
images\5402.png,0,0,0,1,0
images\5403.png,0,0,0,1,0
images\5404.png,0,0,0,1,0
images\5405.png,0,0,0,1,0
images\5406.png,0,0,0,1,0
images\5407.png,0,0,0,1,1
images\5408.png,0,0,0,1,1
images\5409.png,0,0,0,1,1
images\5410.png,0,0,0,1,1
images\5411.png,0,0,0,1,1
images\5412.png,0,0,0,1,1
images\5413.png,0,0,0,1,1
images\5414.png,0,0,0,1,1
images\5415.png,0,0,0,1,1
images\5416.png,0,0,0,1,1
images\5417.png,0,0,0,1,1
images\5418.png,0,0,0,1,1
images\5419.png,0,0,0,1,1
images\5420.png,0,0,0,1,1
images\5421.png,0,0,0,1,1
images\5422.png,0,0,0,1,1
images\5423.png,0,0,0,1,1
images\5424.png,0,0,0,1,1
images\5425.png,0,0,0,1,1
images\5426.png,0,0,0,1,1
images\5427.png,0,0,0,1,1
images\5428.png,0,0,0,1,1
images\5429.png,0,0,0,1,1
images\5430.png,0,0,0,1,1
images\5431.png,0,0,0,1,1
images\5432.png,0,0,0,1,1
images\5433.png,0,0,0,1,1
images\5434.png,0,0,0,1,1
images\5435.png,0,0,0,1,1
images\5436.png,0,0,0,1,1
images\5437.png,0,0,0,1,1
images\5438.png,0,0,0,1,1
images\5439.png,0,0,0,1,1
images\5440.png,0,0,0,1,1
images\5441.png,0,0,0,1,1
images\5442.png,0,0,0,1,1
images\5443.png,0,0,0,1,1
images\5444.png,0,0,0,1,1
images\5445.png,0,0,0,1,1
images\5446.png,0,0,0,1,1
images\5447.png,0,0,0,1,1
images\5448.png,0,0,0,1,1
images\5449.png,0,0,0,1,1
images\5450.png,0,0,0,1,1
images\5451.png,0,0,0,1,1
images\5452.png,0,0,0,1,1
images\5453.png,0,0,0,1,1
images\5454.png,0,0,0,1,1
images\5455.png,0,0,0,1,1
images\5456.png,0,0,0,1,1
images\5457.png,0,0,0,1,1
images\5458.png,0,0,0,1,1
images\5459.png,0,0,0,1,1
images\5460.png,0,0,0,1,1
images\5461.png,0,0,0,1,1
images\5462.png,0,0,0,1,1
images\5463.png,0,0,0,1,1
images\5464.png,0,0,0,1,1
images\5465.png,0,0,0,1,1
images\5466.png,0,0,0,1,1
images\5467.png,0,0,0,1,1
images\5468.png,0,0,0,1,1
images\5469.png,0,0,0,1,1
images\5470.png,0,0,0,1,1
images\5471.png,0,0,0,1,1
images\5472.png,0,0,0,1,1
images\5473.png,0,0,0,1,1
images\5474.png,0,0,0,1,1
images\5475.png,0,0,0,1,1
images\5476.png,0,0,0,1,1
images\5477.png,0,0,0,1,1
images\5478.png,0,0,0,1,1
images\5479.png,0,0,0,1,1
images\5480.png,0,0,0,1,1
images\5481.png,0,0,0,1,1
images\5482.png,0,0,0,1,1
images\5483.png,0,0,0,1,1
images\5484.png,0,0,0,1,1
images\5485.png,0,0,0,1,1
images\5486.png,0,0,0,1,1
images\5487.png,0,0,0,1,1
images\5488.png,0,0,0,1,1
images\5489.png,0,0,0,1,1
images\5490.png,0,0,0,1,1
images\5491.png,0,0,0,1,1
images\5492.png,0,0,0,1,1
images\5493.png,0,0,0,1,1
images\5494.png,0,0,0,1,1
images\5495.png,0,0,0,1,1
images\5496.png,0,0,0,1,1
images\5497.png,0,0,0,1,1
images\5498.png,0,0,0,1,1
images\5499.png,0,0,0,1,1
images\5500.png,0,0,0,1,1
images\5501.png,0,0,0,1,1
images\5502.png,0,0,0,1,1
images\5503.png,0,0,0,1,1
images\5504.png,0,0,0,1,1
images\5505.png,0,0,0,1,1
images\5506.png,0,0,0,1,1
images\5507.png,0,0,0,1,1
images\5508.png,0,0,0,1,1
images\5509.png,0,0,0,1,1
images\5510.png,0,0,0,1,1
images\5511.png,0,0,0,1,1
images\5512.png,0,0,0,1,1
images\5513.png,0,0,0,1,1
images\5514.png,0,0,0,1,1
images\5515.png,0,0,0,1,1
images\5516.png,0,0,0,1,1
images\5517.png,0,0,0,1,1
images\5518.png,0,0,0,1,1
images\5519.png,0,0,0,1,1
images\5520.png,0,0,0,1,1
images\5521.png,0,0,0,1,1
images\5522.png,0,0,0,1,1
images\5523.png,0,0,0,1,1
images\5524.png,0,0,0,1,1
images\5525.png,0,0,0,1,1
images\5526.png,0,0,0,1,1
images\5527.png,0,0,0,1,1
images\5528.png,0,0,0,1,1
images\5529.png,0,0,0,1,1
images\5530.png,0,0,0,1,1
images\5531.png,0,0,0,1,1
images\5532.png,0,0,0,1,1
images\5533.png,0,0,0,1,1
images\5534.png,0,0,0,1,1
images\5535.png,0,0,0,1,1
images\5536.png,0,0,0,1,1
images\5537.png,0,0,0,1,1
images\5538.png,0,0,0,1,1
images\5539.png,0,0,0,1,1
images\5540.png,0,0,0,1,1
images\5541.png,0,0,0,1,1
images\5542.png,0,0,0,1,1
images\5543.png,0,0,0,1,1
images\5544.png,0,0,0,1,1
images\5545.png,0,0,0,1,1
images\5546.png,0,0,0,1,1
images\5547.png,0,0,0,1,1
images\5548.png,0,0,0,1,1
images\5549.png,0,0,0,1,1
images\5550.png,0,0,0,1,1
images\5551.png,0,0,0,1,1
images\5552.png,0,0,0,1,1
images\5553.png,0,0,0,1,1
images\5554.png,0,0,0,1,1
images\5555.png,0,0,0,1,1
images\5556.png,0,0,0,1,1
images\5557.png,0,0,0,1,1
images\5558.png,0,0,0,1,1
images\5559.png,0,0,0,1,1
images\5560.png,0,0,0,1,1
images\5561.png,0,0,0,1,1
images\5562.png,0,0,0,1,1
images\5563.png,0,0,0,1,1
images\5564.png,0,0,0,1,1
images\5565.png,0,0,0,1,1
images\5566.png,0,0,0,1,1
images\5567.png,0,0,0,1,1
images\5568.png,0,0,0,1,1
images\5569.png,0,0,0,1,1
images\5570.png,0,0,0,1,1
images\5571.png,0,0,0,1,1
images\5572.png,0,0,0,1,1
images\5573.png,0,0,0,1,1
images\5574.png,0,0,0,1,1
images\5575.png,0,0,0,1,1
images\5576.png,0,0,0,1,1
images\5577.png,0,0,0,1,1
images\5578.png,0,0,0,1,1
images\5579.png,0,0,0,1,1
images\5580.png,0,0,0,1,1
images\5581.png,0,0,0,1,1
images\5582.png,0,0,0,1,1
images\5583.png,0,0,0,1,1
images\5584.png,0,0,0,1,1
images\5585.png,0,0,0,1,1
images\5586.png,0,0,0,1,1
images\5587.png,0,0,0,1,1
images\5588.png,0,0,0,1,1
images\5589.png,0,0,0,1,1
images\5590.png,0,0,0,1,1
images\5591.png,0,0,0,1,1
images\5592.png,0,0,0,1,1
images\5593.png,0,0,0,1,1
images\5594.png,0,0,0,1,1
images\5595.png,0,0,0,1,1
images\5596.png,0,0,0,1,1
images\5597.png,0,0,0,1,1
images\5598.png,0,0,0,1,1
images\5599.png,0,0,0,1,1
images\5600.png,0,0,0,1,1
images\5601.png,0,0,0,1,1
images\5602.png,0,0,0,1,1
images\5603.png,0,0,0,1,1
images\5604.png,0,0,0,1,1
images\5605.png,0,0,0,1,1
images\5606.png,0,0,0,1,1
images\5607.png,0,0,0,1,1
images\5608.png,0,0,0,1,1
images\5609.png,0,0,0,1,1
images\5610.png,0,0,0,1,1
images\5611.png,0,0,0,1,1
images\5612.png,0,0,0,1,1
images\5613.png,0,0,0,1,1
images\5614.png,0,0,0,1,1
images\5615.png,0,0,0,1,1
images\5616.png,0,0,0,1,1
images\5617.png,0,0,0,1,1
images\5618.png,0,0,0,1,1
images\5619.png,0,0,0,1,1
images\5620.png,0,0,0,1,1
images\5621.png,0,0,0,1,1
images\5622.png,0,0,0,1,1
images\5623.png,0,0,0,1,1
images\5624.png,0,0,0,1,1
images\5625.png,0,0,0,1,1
images\5626.png,0,0,0,1,1
images\5627.png,0,0,0,1,1
images\5628.png,0,0,0,1,1
images\5629.png,0,0,0,1,1
images\5630.png,0,0,0,1,1
images\5631.png,0,0,0,1,1
images\5632.png,0,0,0,1,1
images\5633.png,0,0,0,1,1
images\5634.png,0,0,0,1,1
images\5635.png,0,0,0,1,1
images\5636.png,0,0,0,1,1
images\5637.png,0,0,0,1,1
images\5638.png,0,0,0,1,1
images\5639.png,0,0,0,1,1
images\5640.png,0,0,0,1,1
images\5641.png,0,0,0,1,1
images\5642.png,0,0,0,1,1
images\5643.png,0,0,0,1,1
images\5644.png,0,0,0,1,1
images\5645.png,0,0,0,1,1
images\5646.png,0,0,0,1,1
images\5647.png,0,0,0,1,1
images\5648.png,0,0,0,1,1
images\5649.png,0,0,0,1,1
images\5650.png,0,0,0,1,1
images\5651.png,0,0,0,1,1
images\5652.png,0,0,0,1,1
images\5653.png,0,0,0,1,1
images\5654.png,0,0,0,1,1
images\5655.png,0,0,0,1,1
images\5656.png,0,0,0,1,1
images\5657.png,0,0,0,1,1
images\5658.png,0,0,0,1,1
images\5659.png,0,0,0,1,1
images\5660.png,0,0,0,1,1
images\5661.png,0,0,0,1,1
images\5662.png,0,0,0,1,1
images\5663.png,0,0,0,1,1
images\5664.png,0,0,0,1,1
images\5665.png,0,0,0,1,1
images\5666.png,0,0,0,1,1
images\5667.png,0,0,0,1,1
images\5668.png,0,0,0,1,1
images\5669.png,0,0,0,1,1
images\5670.png,0,0,0,1,1
images\5671.png,0,0,0,1,1
images\5672.png,0,0,0,1,1
images\5673.png,0,0,0,1,1
images\5674.png,0,0,0,1,1
images\5675.png,0,0,0,1,1
images\5676.png,0,0,0,1,1
images\5677.png,0,0,0,1,1
images\5678.png,0,0,0,1,1
images\5679.png,0,0,0,1,1
images\5680.png,0,0,0,1,1
images\5681.png,0,0,0,1,1
images\5682.png,0,0,0,1,1
images\5683.png,0,0,0,1,1
images\5684.png,0,0,0,1,1
images\5685.png,0,0,0,1,1
images\5686.png,0,0,0,1,1
images\5687.png,0,0,0,1,1
images\5688.png,0,0,0,1,1
images\5689.png,0,0,0,1,1
images\5690.png,0,0,0,1,1
images\5691.png,0,0,0,1,1
images\5692.png,0,0,0,1,1
images\5693.png,0,0,0,1,1
images\5694.png,0,0,0,1,1
images\5695.png,0,0,0,1,1
images\5696.png,0,0,0,1,1
images\5697.png,0,0,0,1,1
images\5698.png,0,0,0,1,1
images\5699.png,0,0,0,1,1
images\5700.png,0,0,0,1,1
images\5701.png,0,0,0,1,1
images\5702.png,0,0,0,1,1
images\5703.png,0,0,0,1,1
images\5704.png,0,0,0,1,1
images\5705.png,0,0,0,1,1
images\5706.png,0,0,0,1,1
images\5707.png,0,0,0,1,1
images\5708.png,0,0,0,1,1
images\5709.png,0,0,0,1,1
images\5710.png,0,0,0,1,1
images\5711.png,0,0,0,1,1
images\5712.png,0,0,0,1,1
images\5713.png,0,0,0,1,1
images\5714.png,0,0,0,1,1
images\5715.png,0,0,0,1,1
images\5716.png,0,0,0,1,1
images\5717.png,0,0,0,1,1
images\5718.png,0,0,0,1,1
images\5719.png,0,0,0,1,1
images\5720.png,0,0,0,1,1
images\5721.png,0,0,0,1,1
images\5722.png,0,0,0,1,1
images\5723.png,0,0,0,1,1
images\5724.png,0,0,0,1,1
images\5725.png,0,0,0,1,1
images\5726.png,0,0,0,1,1
images\5727.png,0,0,0,1,1
images\5728.png,0,0,0,1,1
images\5729.png,0,0,0,1,1
images\5730.png,0,0,0,1,1
images\5731.png,0,0,0,1,1
images\5732.png,0,0,0,1,1
images\5733.png,0,0,0,1,1
images\5734.png,0,0,0,1,1
images\5735.png,0,0,0,1,1
images\5736.png,0,0,0,1,1
images\5737.png,0,0,0,1,1
images\5738.png,0,0,0,1,1
images\5739.png,0,0,0,1,1
images\5740.png,0,0,0,1,1
images\5741.png,0,0,0,1,1
images\5742.png,0,0,0,1,1
images\5743.png,0,0,0,1,1
images\5744.png,0,0,0,1,1
images\5745.png,0,0,0,1,1
images\5746.png,0,0,0,1,1
images\5747.png,0,0,0,1,1
images\5748.png,0,0,0,1,1
images\5749.png,0,0,0,1,1
images\5750.png,0,1,0,1,0
images\5751.png,0,1,0,1,0
images\5752.png,0,1,0,1,0
images\5753.png,0,1,0,1,0
images\5754.png,0,1,0,1,0
images\5755.png,0,1,0,1,0
images\5756.png,0,1,0,1,0
images\5757.png,0,1,0,1,0
images\5758.png,0,1,0,1,0
images\5759.png,0,1,0,1,0
images\5760.png,0,1,0,1,0
images\5761.png,0,1,0,1,0
images\5762.png,0,1,0,1,0
images\5763.png,0,1,0,1,0
images\5764.png,0,1,0,1,0
images\5765.png,0,1,0,1,0
images\5766.png,0,1,0,1,0
images\5767.png,0,1,0,1,0
images\5768.png,0,1,0,1,0
images\5769.png,0,1,0,1,0
images\5770.png,0,1,0,1,0
images\5771.png,0,1,0,1,0
images\5772.png,0,1,0,1,0
images\5773.png,0,1,0,1,0
images\5774.png,0,1,0,1,0
images\5775.png,0,1,0,1,0
images\5776.png,0,1,0,1,0
images\5777.png,0,1,0,1,0
images\5778.png,0,1,0,1,0
images\5779.png,0,1,0,1,0
images\5780.png,0,1,0,1,0
images\5781.png,0,1,0,1,0
images\5782.png,0,1,0,1,0
images\5783.png,0,1,0,1,0
images\5784.png,0,1,0,1,0
images\5785.png,0,1,0,1,0
images\5786.png,0,1,0,1,0
images\5787.png,0,1,0,1,0
images\5788.png,0,1,0,1,0
images\5789.png,0,1,0,1,0
images\5790.png,0,1,0,1,0
images\5791.png,0,1,0,1,0
images\5792.png,0,1,0,1,0
images\5793.png,0,1,0,1,0
images\5794.png,0,1,0,1,0
images\5795.png,0,1,0,1,0
images\5796.png,0,1,0,1,0
images\5797.png,0,1,0,1,0
images\5798.png,0,1,0,1,0
images\5799.png,0,1,0,1,0
images\5800.png,0,1,0,1,0
images\5801.png,0,1,0,1,0
images\5802.png,0,1,0,1,0
images\5803.png,0,1,0,1,0
images\5804.png,0,1,0,1,0
images\5805.png,0,1,0,1,0
images\5806.png,0,1,0,1,0
images\5807.png,0,1,0,1,0
images\5808.png,0,1,0,1,0
images\5809.png,0,1,0,1,0
images\5810.png,0,1,0,1,0
images\5811.png,0,1,0,1,0
images\5812.png,0,1,0,1,0
images\5813.png,0,1,0,1,0
images\5814.png,0,1,0,1,0
images\5815.png,0,1,0,1,0
images\5816.png,0,1,0,1,0
images\5817.png,0,1,0,1,0
images\5818.png,0,1,0,1,0
images\5819.png,0,1,0,1,0
images\5820.png,0,1,0,1,0
images\5821.png,0,1,0,1,0
images\5822.png,0,1,0,1,0
images\5823.png,0,1,0,1,0
images\5824.png,0,1,0,1,0
images\5825.png,0,1,0,1,0
images\5826.png,0,1,0,1,0
images\5827.png,0,1,0,1,0
images\5828.png,0,1,0,1,0
images\5829.png,0,1,0,1,0
images\5830.png,0,1,0,1,0
images\5831.png,0,1,0,1,0
images\5832.png,0,1,0,1,0
images\5833.png,0,1,0,1,0
images\5834.png,0,1,0,1,0
images\5835.png,0,1,0,1,0
images\5836.png,0,1,0,1,0
images\5837.png,0,1,0,1,0
images\5838.png,0,1,0,1,0
images\5839.png,0,1,0,1,0
images\5840.png,0,1,0,1,0
images\5841.png,0,1,0,1,0
images\5842.png,0,1,0,1,0
images\5843.png,0,1,0,1,0
images\5844.png,0,1,0,1,0
images\5845.png,0,1,0,1,0
images\5846.png,0,1,0,1,0
images\5847.png,0,1,0,1,0
images\5848.png,0,1,0,1,0
images\5849.png,0,1,0,1,0
images\5850.png,0,1,0,1,0
images\5851.png,0,1,0,1,0
images\5852.png,0,1,0,1,0
images\5853.png,0,1,0,1,0
images\5854.png,0,1,0,1,0
images\5855.png,0,1,0,1,0
images\5856.png,0,1,0,1,0
images\5857.png,0,1,0,1,0
images\5858.png,0,1,0,1,0
images\5859.png,0,1,0,1,0
images\5860.png,0,1,0,1,0
images\5861.png,0,1,0,1,0
images\5862.png,0,1,0,1,0
images\5863.png,0,1,0,1,0
images\5864.png,0,1,0,1,0
images\5865.png,0,1,0,1,0
images\5866.png,0,1,0,1,0
images\5867.png,0,1,0,1,0
images\5868.png,0,1,0,1,0
images\5869.png,0,1,0,1,0
images\5870.png,0,1,0,1,0
images\5871.png,0,1,0,1,0
images\5872.png,0,1,0,1,0
images\5873.png,0,1,0,1,0
images\5874.png,0,1,0,1,0
images\5875.png,0,1,0,1,0
images\5876.png,0,1,0,1,0
images\5877.png,0,1,0,1,0
images\5878.png,0,1,0,1,0
images\5879.png,0,1,0,1,0
images\5880.png,0,1,0,1,0
images\5881.png,0,1,0,1,0
images\5882.png,0,1,0,1,0
images\5883.png,0,1,0,1,0
images\5884.png,0,1,0,1,0
images\5885.png,0,1,0,1,0
images\5886.png,0,1,0,1,0
images\5887.png,0,1,0,1,0
images\5888.png,0,1,0,1,0
images\5889.png,0,1,0,1,0
images\5890.png,0,1,0,1,0
images\5891.png,0,1,0,1,0
images\5892.png,0,1,0,1,0
images\5893.png,0,1,0,1,0
images\5894.png,0,1,0,1,0
images\5895.png,0,1,0,1,0
images\5896.png,0,1,0,1,0
images\5897.png,0,1,0,1,0
images\5898.png,0,1,0,1,0
images\5899.png,0,1,0,1,0
images\5900.png,0,1,0,1,0
images\5901.png,0,1,0,1,0
images\5902.png,0,1,0,1,0
images\5903.png,0,1,0,1,0
images\5904.png,0,1,0,1,0
images\5905.png,0,1,0,1,0
images\5906.png,0,1,0,1,0
images\5907.png,0,1,0,1,0
images\5908.png,0,1,0,1,0
images\5909.png,0,1,0,1,0
images\5910.png,0,1,0,1,0
images\5911.png,0,1,0,1,0
images\5912.png,0,1,0,1,0
images\5913.png,0,1,0,1,0
images\5914.png,0,1,0,1,0
images\5915.png,0,1,0,1,0
images\5916.png,0,1,0,1,0
images\5917.png,0,1,0,1,0
images\5918.png,0,1,0,1,0
images\5919.png,0,1,0,1,0
images\5920.png,0,1,0,1,0
images\5921.png,0,1,0,1,0
images\5922.png,0,1,0,1,0
images\5923.png,0,1,0,1,0
images\5924.png,0,1,0,1,0
images\5925.png,0,1,0,1,0
images\5926.png,0,1,0,1,0
images\5927.png,0,1,0,1,0
images\5928.png,0,1,0,1,0
images\5929.png,0,1,0,1,0
images\5930.png,0,1,0,1,0
images\5931.png,0,1,0,1,0
images\5932.png,0,1,0,1,0
images\5933.png,0,1,0,1,0
images\5934.png,0,1,0,1,0
images\5935.png,0,1,0,1,0
images\5936.png,0,1,0,1,0
images\5937.png,0,1,0,1,0
images\5938.png,0,1,0,1,0
images\5939.png,0,1,0,1,0
images\5940.png,0,1,0,1,0
images\5941.png,0,1,0,1,0
images\5942.png,0,1,0,1,0
images\5943.png,0,1,0,1,0
images\5944.png,0,1,0,1,0
images\5945.png,0,1,0,1,0
images\5946.png,0,1,0,1,0
images\5947.png,0,1,0,1,0
images\5948.png,0,1,0,1,0
images\5949.png,0,1,0,1,0
images\5950.png,0,1,0,1,0
images\5951.png,0,1,0,1,0
images\5952.png,0,1,0,1,0
images\5953.png,0,1,0,1,0
images\5954.png,0,1,0,1,0
images\5955.png,0,1,0,1,0
images\5956.png,0,1,0,1,0
images\5957.png,0,1,0,1,0
images\5958.png,0,1,0,1,0
images\5959.png,0,1,0,1,0
images\5960.png,0,1,0,1,0
images\5961.png,0,1,0,1,0
images\5962.png,0,1,0,1,0
images\5963.png,0,1,0,1,0
images\5964.png,0,1,0,1,0
images\5965.png,0,1,0,1,0
images\5966.png,0,1,0,1,0
images\5967.png,0,1,0,1,0
images\5968.png,0,1,0,1,0
images\5969.png,0,1,0,1,0
images\5970.png,0,1,0,1,0
images\5971.png,0,1,0,1,0
images\5972.png,0,1,0,1,0
images\5973.png,0,1,0,1,0
images\5974.png,0,1,0,1,0
images\5975.png,0,1,0,1,0
images\5976.png,0,1,0,1,0
images\5977.png,0,1,0,1,0
images\5978.png,0,1,0,1,0
images\5979.png,0,1,0,1,0
images\5980.png,0,1,0,1,0
images\5981.png,0,1,0,1,0
images\5982.png,0,1,0,1,0
images\5983.png,0,1,0,1,0
images\5984.png,0,1,0,1,0
images\5985.png,0,1,0,1,0
images\5986.png,0,1,0,1,0
images\5987.png,0,1,0,1,0
images\5988.png,0,1,0,1,0
images\5989.png,0,1,0,1,0
images\5990.png,0,1,0,1,0
images\5991.png,0,1,0,1,0
images\5992.png,0,1,0,1,0
images\5993.png,0,1,0,1,0
images\5994.png,0,1,0,1,0
images\5995.png,0,1,0,1,0
images\5996.png,0,1,0,1,0
images\5997.png,0,1,0,1,0
images\5998.png,0,1,0,1,0
images\5999.png,0,1,0,1,0
images\6000.png,0,1,0,1,0
images\6001.png,0,1,0,1,0
images\6002.png,0,1,0,1,0
images\6003.png,0,1,0,1,0
images\6004.png,0,1,0,1,0
images\6005.png,0,1,0,1,0
images\6006.png,0,1,0,1,0
images\6007.png,0,1,0,1,0
images\6008.png,0,1,0,1,0
images\6009.png,0,1,0,1,0
images\6010.png,0,1,0,1,0
images\6011.png,0,1,0,1,0
images\6012.png,0,1,0,1,0
images\6013.png,0,1,0,1,0
images\6014.png,0,1,0,1,0
images\6015.png,0,1,0,1,0
images\6016.png,0,1,0,1,0
images\6017.png,0,1,0,1,0
images\6018.png,0,1,0,1,0
images\6019.png,0,1,0,1,0
images\6020.png,0,1,0,1,0
images\6021.png,0,1,0,1,0
images\6022.png,0,1,0,1,0
images\6023.png,0,1,0,1,0
images\6024.png,0,1,0,1,0
images\6025.png,0,1,0,1,0
images\6026.png,0,1,0,1,0
images\6027.png,0,1,0,1,0
images\6028.png,0,1,0,1,0
images\6029.png,0,1,0,1,0
images\6030.png,0,1,0,1,0
images\6031.png,0,1,0,1,0
images\6032.png,0,1,0,1,0
images\6033.png,0,1,0,1,0
images\6034.png,0,1,0,1,0
images\6035.png,0,1,0,1,0
images\6036.png,0,1,0,1,0
images\6037.png,0,1,0,1,0
images\6038.png,0,1,0,1,0
images\6039.png,0,1,0,1,0
images\6040.png,0,1,0,1,0
images\6041.png,0,1,0,1,0
images\6042.png,0,1,0,1,0
images\6043.png,0,1,0,1,0
images\6044.png,0,1,0,1,0
images\6045.png,0,1,0,1,0
images\6046.png,0,1,0,1,0
images\6047.png,0,1,0,1,0
images\6048.png,0,1,0,1,0
images\6049.png,0,1,0,1,0
images\6050.png,0,1,0,1,0
images\6051.png,0,1,0,1,0
images\6052.png,0,1,0,1,0
images\6053.png,0,1,0,1,0
images\6054.png,0,1,0,1,0
images\6055.png,0,1,0,1,0
images\6056.png,0,1,0,1,0
images\6057.png,0,1,0,1,0
images\6058.png,0,1,0,1,0
images\6059.png,0,1,0,1,0
images\6060.png,0,1,0,1,0
images\6061.png,0,1,0,1,0
images\6062.png,0,1,0,1,0
images\6063.png,0,1,0,1,0
images\6064.png,0,1,0,1,0
images\6065.png,0,1,0,1,0
images\6066.png,0,1,0,1,0
images\6067.png,0,1,0,1,0
images\6068.png,0,1,0,1,0
images\6069.png,0,1,0,1,0
images\6070.png,0,1,0,1,0
images\6071.png,0,1,0,1,0
images\6072.png,0,1,0,1,0
images\6073.png,0,1,0,1,0
images\6074.png,0,1,0,1,0
images\6075.png,0,1,0,1,0
images\6076.png,0,1,0,1,0
images\6077.png,0,1,0,1,0
images\6078.png,0,1,0,1,0
images\6079.png,0,1,0,1,0
images\6080.png,0,1,0,1,0
images\6081.png,0,1,0,1,0
images\6082.png,0,1,0,1,0
images\6083.png,0,1,0,1,0
images\6084.png,0,1,0,1,0
images\6085.png,0,1,0,1,0
images\6086.png,0,1,0,1,0
images\6087.png,0,1,0,1,0
images\6088.png,0,1,0,1,0
images\6089.png,0,1,0,1,0
images\6090.png,0,1,0,1,0
images\6091.png,0,1,0,1,0
images\6092.png,0,1,0,1,0
images\6093.png,0,1,0,1,0
images\6094.png,0,1,0,1,0
images\6095.png,0,1,0,1,0
images\6096.png,0,1,0,1,0
images\6097.png,0,1,0,1,0
images\6098.png,0,1,0,1,0
images\6099.png,0,1,0,1,0
images\6100.png,0,1,0,1,0
images\6101.png,0,1,0,1,0
images\6102.png,0,1,0,1,0
images\6103.png,0,1,0,1,0
images\6104.png,0,1,0,1,0
images\6105.png,0,1,0,1,0
images\6106.png,0,1,0,1,0
images\6107.png,0,1,0,1,0
images\6108.png,0,1,0,1,0
images\6109.png,0,1,0,1,0
images\6110.png,0,1,0,1,0
images\6111.png,0,1,0,1,0
images\6112.png,0,1,0,1,0
images\6113.png,0,1,0,1,0
images\6114.png,0,1,0,1,0
images\6115.png,0,1,0,1,0
images\6116.png,0,1,0,1,0
images\6117.png,0,1,0,1,0
images\6118.png,0,1,0,1,0
images\6119.png,0,1,0,1,0
images\6120.png,0,1,0,1,0
images\6121.png,0,1,0,1,0
images\6122.png,0,1,0,1,0
images\6123.png,0,1,0,1,0
images\6124.png,0,1,0,1,0
images\6125.png,0,1,0,1,0
images\6126.png,0,1,0,1,0
images\6127.png,0,1,0,1,0
images\6128.png,0,1,0,1,0
images\6129.png,0,1,0,1,0
images\6130.png,0,1,0,1,0
images\6131.png,0,1,0,1,0
images\6132.png,0,1,0,1,0
images\6133.png,0,1,0,1,0
images\6134.png,0,1,0,1,0
images\6135.png,0,1,0,1,0
images\6136.png,0,1,0,1,0
images\6137.png,0,1,0,1,0
images\6138.png,0,1,0,1,0
images\6139.png,0,1,0,1,0
images\6140.png,0,1,0,1,0
images\6141.png,0,1,0,1,0
images\6142.png,0,1,0,1,0
images\6143.png,0,1,0,1,0
images\6144.png,0,1,0,1,0
images\6145.png,0,1,0,1,0
images\6146.png,0,1,0,1,0
images\6147.png,0,1,0,1,0
images\6148.png,0,1,0,1,0
images\6149.png,0,1,0,1,0
images\6150.png,0,1,0,1,0
images\6151.png,0,1,0,1,0
images\6152.png,0,1,0,1,0
images\6153.png,0,1,0,1,0
images\6154.png,0,1,0,1,0
images\6155.png,0,1,0,1,0
images\6156.png,0,1,0,1,0
images\6157.png,0,1,0,1,0
images\6158.png,0,1,0,1,0
images\6159.png,0,1,0,1,0
images\6160.png,0,1,0,1,0
images\6161.png,0,1,0,1,0
images\6162.png,0,1,0,1,0
images\6163.png,0,1,0,1,0
images\6164.png,0,1,0,1,0
images\6165.png,0,1,0,1,0
images\6166.png,0,1,0,1,0
images\6167.png,0,1,0,1,0
images\6168.png,0,1,0,1,0
images\6169.png,0,1,0,1,0
images\6170.png,0,1,0,1,0
images\6171.png,0,1,0,1,0
images\6172.png,0,1,0,1,0
images\6173.png,0,1,0,1,0
images\6174.png,0,1,0,1,0
images\6175.png,0,1,0,1,0
images\6176.png,0,1,0,1,0
images\6177.png,0,1,0,1,0
images\6178.png,0,1,0,1,0
images\6179.png,0,1,0,1,0
images\6180.png,0,1,0,1,0
images\6181.png,0,1,0,1,0
images\6182.png,0,1,0,1,0
images\6183.png,0,1,0,1,0
images\6184.png,0,1,0,1,0
images\6185.png,0,1,0,1,0
images\6186.png,0,1,0,1,0
images\6187.png,0,1,0,1,0
images\6188.png,0,1,0,1,0
images\6189.png,0,1,0,1,0
images\6190.png,0,1,0,1,0
images\6191.png,0,1,0,1,0
images\6192.png,0,1,0,1,0
images\6193.png,0,1,0,1,0
images\6194.png,0,1,0,1,0
images\6195.png,0,1,0,1,0
images\6196.png,0,1,0,1,0
images\6197.png,0,1,0,1,0
images\6198.png,0,1,0,1,0
images\6199.png,0,1,0,1,0
images\6200.png,0,1,0,1,0
images\6201.png,0,1,0,1,0
images\6202.png,0,1,0,1,0
images\6203.png,0,1,0,1,0
images\6204.png,0,1,0,1,0
images\6205.png,0,1,0,1,0
images\6206.png,0,1,0,1,0
images\6207.png,0,1,0,1,0
images\6208.png,0,1,0,1,0
images\6209.png,0,1,0,1,0
images\6210.png,0,1,0,1,0
images\6211.png,0,1,0,1,0
images\6212.png,0,1,0,1,0
images\6213.png,0,1,0,1,0
images\6214.png,0,1,0,1,0
images\6215.png,0,1,0,1,0
images\6216.png,0,1,0,1,0
images\6217.png,0,1,0,1,0
images\6218.png,0,1,0,1,0
images\6219.png,0,1,0,1,0
images\6220.png,0,1,0,1,0
images\6221.png,0,1,0,1,0
images\6222.png,0,1,0,1,0
images\6223.png,0,1,0,1,0
images\6224.png,0,1,0,1,0
images\6225.png,0,1,0,1,0
images\6226.png,0,1,0,1,0
images\6227.png,0,1,0,1,0
images\6228.png,0,1,0,1,0
images\6229.png,0,1,0,1,0
images\6230.png,0,1,0,1,0
images\6231.png,0,1,0,1,0
images\6232.png,0,1,0,1,0
images\6233.png,0,1,0,1,0
images\6234.png,0,1,0,1,0
images\6235.png,0,1,0,1,0
images\6236.png,0,1,0,1,0
images\6237.png,0,1,0,1,0
images\6238.png,0,1,0,1,0
images\6239.png,0,1,0,1,0
images\6240.png,0,1,0,1,0
images\6241.png,0,1,0,1,0
images\6242.png,0,1,0,1,0
images\6243.png,0,1,0,1,0
images\6244.png,0,1,0,1,0
images\6245.png,0,1,0,1,0
images\6246.png,0,1,0,1,0
images\6247.png,0,1,0,1,0
images\6248.png,0,1,0,1,0
images\6249.png,0,1,0,1,0
images\6250.png,0,1,0,1,0
images\6251.png,0,1,0,1,0
images\6252.png,0,1,0,1,0
images\6253.png,0,1,0,1,0
images\6254.png,0,1,0,1,0
images\6255.png,0,1,0,1,0
images\6256.png,0,1,0,1,0
images\6257.png,0,1,0,1,0
images\6258.png,0,1,0,1,0
images\6259.png,0,1,0,1,0
images\6260.png,0,1,0,1,0
images\6261.png,0,1,0,1,0
images\6262.png,0,1,0,1,0
images\6263.png,0,1,0,1,0
images\6264.png,0,1,0,1,0
images\6265.png,0,1,0,1,0
images\6266.png,0,1,0,1,0
images\6267.png,0,1,0,1,0
images\6268.png,0,1,0,1,0
images\6269.png,0,1,0,1,0
images\6270.png,0,1,0,1,0
images\6271.png,0,0,1,0,1
images\6272.png,0,0,1,0,1
images\6273.png,0,0,1,0,1
images\6274.png,0,0,1,0,1
images\6275.png,0,0,1,0,1
images\6276.png,0,0,1,0,1
images\6277.png,0,0,1,0,1
images\6278.png,0,0,1,0,1
images\6279.png,0,0,1,0,1
images\6280.png,0,0,1,0,1
images\6281.png,0,0,1,0,1
images\6282.png,0,0,1,0,1
images\6283.png,0,0,1,0,1
images\6284.png,0,0,1,0,1
images\6285.png,0,0,1,0,1
images\6286.png,0,0,1,0,1
images\6287.png,0,0,1,0,1
images\6288.png,0,0,1,0,1
images\6289.png,0,0,1,0,1
images\6290.png,0,0,1,0,1
images\6291.png,0,0,1,0,1
images\6292.png,0,0,1,0,1
images\6293.png,0,0,1,0,1
images\6294.png,0,0,1,0,1
images\6295.png,0,0,1,0,1
images\6296.png,0,0,1,0,1
images\6297.png,0,0,1,0,1
images\6298.png,0,0,1,0,1
images\6299.png,0,0,1,0,1
images\6300.png,0,0,1,0,1
images\6301.png,0,0,1,0,1
images\6302.png,0,0,1,0,1
images\6303.png,0,0,1,0,1
images\6304.png,0,0,1,0,1
images\6305.png,0,0,1,0,1
images\6306.png,0,0,1,0,1
images\6307.png,0,0,1,0,1
images\6308.png,0,0,1,0,1
images\6309.png,0,0,1,0,1
images\6310.png,0,0,1,0,1
images\6311.png,0,0,1,0,1
images\6312.png,0,0,1,0,1
images\6313.png,0,0,1,0,1
images\6314.png,0,0,1,0,1
images\6315.png,0,0,1,0,1
images\6316.png,0,0,1,0,1
images\6317.png,0,0,1,0,1
images\6318.png,0,0,1,0,1
images\6319.png,0,0,1,0,1
images\6320.png,0,0,1,0,1
images\6321.png,0,0,1,0,1
images\6322.png,0,0,1,0,1
images\6323.png,0,0,1,0,1
images\6324.png,0,0,1,0,1
images\6325.png,0,0,1,0,1
images\6326.png,0,0,1,0,1
images\6327.png,0,0,1,0,1
images\6328.png,0,0,1,0,1
images\6329.png,0,0,1,0,1
images\6330.png,0,0,1,0,1
images\6331.png,0,0,1,0,1
images\6332.png,0,0,1,0,1
images\6333.png,0,0,1,0,1
images\6334.png,0,0,1,0,1
images\6335.png,0,0,1,0,1
images\6336.png,0,0,1,0,1
images\6337.png,0,0,1,0,1
images\6338.png,0,0,1,0,1
images\6339.png,0,0,1,0,1
images\6340.png,0,0,1,0,1
images\6341.png,0,0,1,0,1
images\6342.png,0,0,1,0,1
images\6343.png,0,0,1,0,1
images\6344.png,0,0,1,0,1
images\6345.png,0,0,1,0,1
images\6346.png,0,0,1,0,1
images\6347.png,0,0,1,0,1
images\6348.png,0,0,1,0,1
images\6349.png,0,0,1,0,1
images\6350.png,0,0,1,0,1
images\6351.png,0,0,1,0,1
images\6352.png,0,0,1,0,1
images\6353.png,0,0,1,0,1
images\6354.png,0,0,1,0,1
images\6355.png,0,0,1,0,1
images\6356.png,0,0,1,0,1
images\6357.png,0,0,1,0,1
images\6358.png,0,0,1,0,1
images\6359.png,0,0,1,0,1
images\6360.png,0,0,1,0,1
images\6361.png,0,0,1,0,1
images\6362.png,0,0,1,0,1
images\6363.png,0,0,1,0,1
images\6364.png,0,0,1,0,1
images\6365.png,0,0,1,0,1
images\6366.png,0,0,1,0,1
images\6367.png,0,0,1,0,1
images\6368.png,0,0,1,0,1
images\6369.png,0,0,1,0,1
images\6370.png,0,0,1,0,1
images\6371.png,0,0,1,0,1
images\6372.png,0,0,1,0,1
images\6373.png,0,0,1,0,1
images\6374.png,0,0,1,0,1
images\6375.png,0,0,1,0,1
images\6376.png,0,0,1,0,1
images\6377.png,0,0,1,0,1
images\6378.png,0,0,1,0,1
images\6379.png,0,0,1,0,1
images\6380.png,0,0,1,0,1
images\6381.png,0,0,1,0,1
images\6382.png,0,0,1,0,1
images\6383.png,0,0,1,0,1
images\6384.png,0,0,1,0,1
images\6385.png,0,0,1,0,1
images\6386.png,0,0,1,0,1
images\6387.png,0,0,1,0,1
images\6388.png,0,0,1,0,1
images\6389.png,0,0,1,0,1
images\6390.png,0,0,1,0,1
images\6391.png,0,0,1,0,1
images\6392.png,0,0,1,0,1
images\6393.png,0,0,1,0,1
images\6394.png,0,0,1,0,1
images\6395.png,0,0,1,0,1
images\6396.png,0,0,1,0,1
images\6397.png,0,0,1,0,1
images\6398.png,0,0,1,0,1
images\6399.png,0,0,1,0,1
images\6400.png,0,0,1,0,1
images\6401.png,0,0,1,0,1
images\6402.png,0,0,1,0,1
images\6403.png,0,0,1,0,1
images\6404.png,0,0,1,0,1
images\6405.png,0,0,1,0,1
images\6406.png,0,0,1,0,1
images\6407.png,0,0,1,0,1
images\6408.png,0,0,1,0,1
images\6409.png,0,0,1,0,1
images\6410.png,0,0,1,0,1
images\6411.png,0,0,1,0,1
images\6412.png,0,0,1,0,1
images\6413.png,0,0,1,0,1
images\6414.png,0,0,1,0,1
images\6415.png,0,0,1,0,1
images\6416.png,0,0,1,0,1
images\6417.png,0,0,1,0,1
images\6418.png,0,0,1,0,1
images\6419.png,0,0,1,0,1
images\6420.png,0,0,1,0,1
images\6421.png,0,0,1,0,1
images\6422.png,0,0,1,0,1
images\6423.png,0,0,1,0,1
images\6424.png,0,0,1,0,1
images\6425.png,0,0,1,0,1
images\6426.png,0,0,1,0,1
images\6427.png,0,0,1,0,1
images\6428.png,0,0,1,0,1
images\6429.png,0,0,1,0,1
images\6430.png,0,0,1,0,1
images\6431.png,0,0,1,0,1
images\6432.png,0,0,1,0,1
images\6433.png,0,0,1,0,1
images\6434.png,0,0,1,0,1
images\6435.png,0,0,1,0,1
images\6436.png,0,0,1,0,1
images\6437.png,0,0,1,0,1
images\6438.png,0,0,1,0,1
images\6439.png,0,0,1,0,1
images\6440.png,0,0,1,0,1
images\6441.png,0,0,1,0,1
images\6442.png,0,0,1,0,1
images\6443.png,0,0,1,0,1
images\6444.png,0,0,1,0,1
images\6445.png,0,0,1,0,1
images\6446.png,0,0,1,0,1
images\6447.png,0,0,1,0,1
images\6448.png,0,0,1,0,1
images\6449.png,0,0,1,0,1
images\6450.png,0,0,1,0,1
images\6451.png,0,0,1,0,1
images\6452.png,0,0,1,0,1
images\6453.png,0,0,1,0,1
images\6454.png,0,0,1,0,1
images\6455.png,0,0,1,0,1
images\6456.png,0,0,1,0,1
images\6457.png,0,0,1,0,1
images\6458.png,0,0,1,0,1
images\6459.png,0,0,1,0,1
images\6460.png,0,0,1,0,1
images\6461.png,0,0,1,0,1
images\6462.png,0,0,1,0,1
images\6463.png,0,0,1,0,1
images\6464.png,0,0,1,0,1
images\6465.png,0,0,1,0,1
images\6466.png,0,0,1,0,1
images\6467.png,0,0,1,0,1
images\6468.png,0,0,1,0,1
images\6469.png,0,0,1,0,1
images\6470.png,0,0,1,0,1
images\6471.png,0,0,1,0,1
images\6472.png,0,0,1,0,1
images\6473.png,0,0,1,0,1
images\6474.png,0,0,1,0,1
images\6475.png,0,0,1,0,1
images\6476.png,0,0,1,0,1
images\6477.png,0,0,1,0,1
images\6478.png,0,0,1,0,1
images\6479.png,0,0,1,0,1
images\6480.png,0,0,1,0,1
images\6481.png,0,0,1,0,1
images\6482.png,0,0,1,0,1
images\6483.png,0,0,1,0,1
images\6484.png,0,0,1,0,1
images\6485.png,0,0,1,0,1
images\6486.png,0,0,1,0,1
images\6487.png,0,0,1,0,1
images\6488.png,0,0,1,0,1
images\6489.png,0,0,1,0,1
images\6490.png,0,0,1,0,1
images\6491.png,0,0,1,0,1
images\6492.png,0,0,1,0,1
images\6493.png,0,0,1,0,1
images\6494.png,0,0,1,0,1
images\6495.png,0,0,1,0,1
images\6496.png,0,0,1,0,1
images\6497.png,0,0,1,0,1
images\6498.png,0,0,1,0,1
images\6499.png,0,0,1,0,1
images\6500.png,0,0,1,0,1
images\6501.png,0,0,1,0,1
images\6502.png,0,0,1,0,1
images\6503.png,0,0,1,0,1
images\6504.png,0,0,1,0,1
images\6505.png,0,0,1,0,1
images\6506.png,0,0,1,0,1
images\6507.png,0,0,1,0,1
images\6508.png,0,0,1,0,1
images\6509.png,0,0,1,0,1
images\6510.png,0,0,1,0,1
images\6511.png,0,0,1,0,1
images\6512.png,0,0,1,0,1
images\6513.png,0,0,1,0,1
images\6514.png,0,0,1,0,1
images\6515.png,0,0,1,0,1
images\6516.png,0,0,1,0,1
images\6517.png,0,0,1,0,1
images\6518.png,0,0,1,0,1
images\6519.png,0,0,1,0,1
images\6520.png,0,0,1,0,1
images\6521.png,0,0,1,0,1
images\6522.png,0,0,1,0,1
images\6523.png,0,0,1,0,1
images\6524.png,0,0,1,0,1
images\6525.png,0,0,1,0,1
images\6526.png,0,0,1,0,1
images\6527.png,0,0,1,0,1
images\6528.png,0,0,1,0,1
images\6529.png,0,0,1,0,1
images\6530.png,0,0,1,0,1
images\6531.png,0,0,1,0,1
images\6532.png,0,0,1,0,1
images\6533.png,0,0,1,0,1
images\6534.png,0,0,1,0,1
images\6535.png,0,0,1,0,1
images\6536.png,0,0,1,0,1
images\6537.png,0,0,1,0,1
images\6538.png,0,0,1,0,1
images\6539.png,0,0,1,0,1
images\6540.png,0,0,1,0,1
images\6541.png,0,0,1,0,1
images\6542.png,0,0,1,0,1
images\6543.png,0,0,1,0,1
images\6544.png,0,0,1,0,1
images\6545.png,0,0,1,0,1
images\6546.png,0,0,1,0,1
images\6547.png,0,0,1,0,1
images\6548.png,0,0,1,0,1
images\6549.png,0,0,1,0,1
images\6550.png,0,0,1,0,1
images\6551.png,0,0,1,0,1
images\6552.png,0,0,1,0,1
images\6553.png,0,0,1,0,1
images\6554.png,0,0,1,0,1
images\6555.png,0,0,1,0,1
images\6556.png,0,0,1,0,1
images\6557.png,0,0,1,0,1
images\6558.png,0,0,1,0,1
images\6559.png,0,0,1,0,1
images\6560.png,0,0,1,0,1
images\6561.png,0,0,1,0,1
images\6562.png,0,0,1,0,1
images\6563.png,0,0,1,0,1
images\6564.png,0,0,1,0,1
images\6565.png,0,0,1,0,1
images\6566.png,0,0,1,0,1
images\6567.png,0,0,1,0,1
images\6568.png,0,0,1,0,1
images\6569.png,0,0,1,0,1
images\6570.png,0,0,1,0,1
images\6571.png,0,0,1,0,1
images\6572.png,0,0,1,0,1
images\6573.png,0,0,1,0,1
images\6574.png,0,0,1,0,1
images\6575.png,0,0,1,0,1
images\6576.png,0,0,1,0,1
images\6577.png,0,0,1,0,1
images\6578.png,0,0,1,0,1
images\6579.png,0,0,1,0,1
images\6580.png,0,0,1,0,1
images\6581.png,0,0,1,0,1
images\6582.png,0,0,1,0,1
images\6583.png,0,0,1,0,1
images\6584.png,0,0,1,0,1
images\6585.png,0,0,1,0,1
images\6586.png,0,0,1,0,1
images\6587.png,0,0,1,0,1
images\6588.png,0,0,1,0,1
images\6589.png,0,0,1,0,1
images\6590.png,0,0,1,0,1
images\6591.png,0,0,1,0,1
images\6592.png,0,0,1,0,1
images\6593.png,0,0,1,0,1
images\6594.png,0,0,1,0,1
images\6595.png,0,0,1,0,1
images\6596.png,0,0,1,0,1
images\6597.png,0,0,1,0,1
images\6598.png,0,0,1,0,1
images\6599.png,0,0,1,0,1
images\6600.png,0,0,1,0,1
images\6601.png,0,0,1,0,1
images\6602.png,0,0,1,0,1
images\6603.png,0,0,1,0,1
images\6604.png,0,0,1,0,1
images\6605.png,0,0,1,0,1
images\6606.png,0,0,1,0,1
images\6607.png,0,0,1,0,1
images\6608.png,0,0,1,0,1
images\6609.png,0,0,1,0,1
images\6610.png,0,0,1,0,1
images\6611.png,0,0,1,0,1
images\6612.png,0,0,1,0,1
images\6613.png,0,0,1,0,1
images\6614.png,0,0,1,0,1
images\6615.png,0,0,1,0,1
images\6616.png,0,0,1,0,1
images\6617.png,0,0,1,0,1
images\6618.png,0,0,1,0,1
images\6619.png,0,0,1,0,1
images\6620.png,0,0,1,0,1
images\6621.png,0,0,1,0,1
images\6622.png,0,0,1,0,1
images\6623.png,0,0,1,0,1
images\6624.png,0,0,1,0,1
images\6625.png,0,0,1,0,1
images\6626.png,0,0,1,0,1
images\6627.png,0,0,1,0,1
images\6628.png,0,0,1,0,1
images\6629.png,0,0,1,0,1
images\6630.png,0,0,1,0,1
images\6631.png,0,0,1,0,1
images\6632.png,0,0,1,0,1
images\6633.png,0,0,1,0,1
images\6634.png,0,0,1,0,1
images\6635.png,0,0,1,0,1
images\6636.png,0,0,1,0,1
images\6637.png,0,0,1,0,1
images\6638.png,0,0,1,0,1
images\6639.png,0,0,1,0,1
images\6640.png,0,0,1,0,1
images\6641.png,0,0,1,0,1
images\6642.png,0,0,1,0,1
images\6643.png,0,0,1,0,1
images\6644.png,0,0,1,0,1
images\6645.png,0,0,1,0,1
images\6646.png,0,0,1,0,1
images\6647.png,0,0,1,0,1
images\6648.png,0,0,1,0,1
images\6649.png,0,0,1,0,1
images\6650.png,0,0,1,0,1
images\6651.png,0,0,1,0,1
images\6652.png,0,0,1,0,1
images\6653.png,0,0,1,0,1
images\6654.png,0,0,1,0,1
images\6655.png,0,0,1,0,1
images\6656.png,0,0,1,0,1
images\6657.png,0,0,1,0,1
images\6658.png,0,0,1,0,1
images\6659.png,0,0,1,0,1
images\6660.png,0,0,1,0,1
images\6661.png,0,0,1,0,1
images\6662.png,0,0,1,0,1
images\6663.png,0,0,1,0,1
images\6664.png,0,0,1,0,1
images\6665.png,0,0,1,0,1
images\6666.png,0,0,1,0,1
images\6667.png,0,0,1,0,1
images\6668.png,0,0,1,0,1
images\6669.png,0,0,1,0,1
images\6670.png,0,0,1,0,1
images\6671.png,0,0,1,0,1
images\6672.png,0,0,1,0,1
images\6673.png,0,0,1,0,1
images\6674.png,0,0,1,0,1
images\6675.png,0,0,1,0,1
images\6676.png,0,0,1,0,1
images\6677.png,0,0,1,0,1
images\6678.png,0,0,1,0,1
images\6679.png,0,0,1,0,1
images\6680.png,0,0,1,0,1
images\6681.png,0,0,1,0,1
images\6682.png,0,0,1,0,1
images\6683.png,0,0,1,0,1
images\6684.png,0,0,1,0,1
images\6685.png,0,0,1,0,1
images\6686.png,0,0,1,0,1
images\6687.png,0,0,1,0,1
images\6688.png,0,0,1,0,1
images\6689.png,0,0,1,0,1
images\6690.png,0,0,1,0,1
images\6691.png,0,0,1,0,1
images\6692.png,0,0,1,0,1
images\6693.png,0,0,1,0,1
images\6694.png,0,0,1,0,1
images\6695.png,0,0,1,0,1
images\6696.png,0,0,1,0,1
images\6697.png,0,0,1,0,1
images\6698.png,0,0,1,0,1
images\6699.png,0,0,1,0,1
images\6700.png,0,0,1,0,1
images\6701.png,0,0,1,0,1
images\6702.png,0,0,1,0,1
images\6703.png,0,0,1,0,1
images\6704.png,0,0,1,0,1
images\6705.png,0,0,1,0,1
images\6706.png,0,0,1,0,1
images\6707.png,0,0,1,0,1
images\6708.png,0,0,1,0,1
images\6709.png,0,0,1,0,1
images\6710.png,0,0,1,0,1
images\6711.png,0,0,1,0,1
images\6712.png,0,0,1,0,1
images\6713.png,0,0,1,0,1
images\6714.png,0,0,1,0,1
images\6715.png,0,0,1,0,1
images\6716.png,0,0,1,0,1
images\6717.png,0,0,1,0,1
images\6718.png,0,0,1,0,1
images\6719.png,0,0,1,0,1
images\6720.png,0,0,1,0,1
images\6721.png,0,0,1,0,1
images\6722.png,0,0,1,0,1
images\6723.png,0,0,1,0,1
images\6724.png,0,0,1,0,1
images\6725.png,0,0,1,0,1
images\6726.png,0,0,1,0,1
images\6727.png,0,0,1,0,1
images\6728.png,0,0,1,0,1
images\6729.png,0,0,1,0,1
images\6730.png,0,0,1,0,1
images\6731.png,0,0,1,0,1
images\6732.png,0,0,1,0,1
images\6733.png,0,0,1,0,1
images\6734.png,0,0,1,0,1
images\6735.png,0,0,1,0,1
images\6736.png,0,0,1,0,1
images\6737.png,0,0,1,0,1
images\6738.png,0,0,1,0,1
images\6739.png,0,0,1,0,1
images\6740.png,0,0,1,0,1
images\6741.png,0,0,1,0,1
images\6742.png,0,0,1,0,1
images\6743.png,0,0,1,0,1
images\6744.png,0,0,1,0,1
images\6745.png,0,0,1,0,1
images\6746.png,0,0,1,0,1
images\6747.png,0,0,1,0,1
images\6748.png,0,0,1,0,1
images\6749.png,0,0,1,0,1
images\6750.png,0,0,1,0,1
images\6751.png,0,0,1,0,1
images\6752.png,0,0,1,0,1
images\6753.png,0,0,1,0,1
images\6754.png,0,0,1,0,1
images\6755.png,0,0,1,0,1
images\6756.png,0,0,1,0,1
images\6757.png,0,0,1,0,1
images\6758.png,0,0,1,0,1
images\6759.png,0,0,1,0,1
images\6760.png,0,0,1,0,1
images\6761.png,0,0,1,0,1
images\6762.png,0,0,1,0,1
images\6763.png,0,0,1,0,1
images\6764.png,0,0,1,0,1
images\6765.png,0,0,1,0,1
images\6766.png,0,0,1,0,1
images\6767.png,0,0,1,0,1
images\6768.png,0,0,1,0,1
images\6769.png,0,0,1,0,1
images\6770.png,0,0,1,0,1
images\6771.png,0,0,1,0,1
images\6772.png,0,0,1,0,1
images\6773.png,0,0,1,0,1
images\6774.png,0,0,1,0,1
images\6775.png,0,0,1,0,1
images\6776.png,0,0,1,0,1
images\6777.png,0,0,1,0,1
images\6778.png,0,0,1,0,1
images\6779.png,0,0,1,0,1
images\6780.png,0,0,1,0,1
images\6781.png,0,0,1,0,1
images\6782.png,0,0,1,0,1
images\6783.png,0,0,1,0,1
images\6784.png,0,0,1,0,1
images\6785.png,0,0,1,0,1
images\6786.png,0,0,1,0,1
images\6787.png,0,0,1,0,1
images\6788.png,0,0,1,0,1
images\6789.png,0,0,1,0,1
images\6790.png,0,0,1,0,1
images\6791.png,0,0,1,0,1
images\6792.png,0,0,1,0,1
images\6793.png,0,0,1,0,1
images\6794.png,0,0,1,0,1
images\6795.png,0,0,1,0,1
images\6796.png,0,0,1,0,1
images\6797.png,0,0,1,0,1
images\6798.png,0,0,1,0,1
images\6799.png,0,0,1,0,1
images\6800.png,0,0,1,0,1
images\6801.png,0,0,1,0,1
images\6802.png,0,0,1,0,1
images\6803.png,0,0,1,0,1
images\6804.png,0,0,1,0,1
images\6805.png,0,0,1,0,1
images\6806.png,0,0,1,0,1
images\6807.png,0,0,1,0,1
images\6808.png,0,0,1,0,1
images\6809.png,0,0,1,0,1
images\6810.png,0,0,1,0,1
images\6811.png,0,0,1,0,1
images\6812.png,0,0,1,0,1
images\6813.png,0,0,1,0,1
images\6814.png,0,0,1,0,1
images\6815.png,0,0,1,0,1
images\6816.png,0,0,1,0,1
images\6817.png,0,0,1,0,1
images\6818.png,0,0,1,0,1
images\6819.png,0,0,1,0,1
images\6820.png,0,0,1,0,1
images\6821.png,0,0,1,0,1
images\6822.png,0,0,1,0,1
images\6823.png,0,0,1,0,1
images\6824.png,0,0,1,0,1
images\6825.png,0,0,1,0,1
images\6826.png,0,0,1,0,1
images\6827.png,0,0,1,0,1
images\6828.png,0,0,1,0,1
images\6829.png,0,0,1,0,1
images\6830.png,0,0,1,0,1
images\6831.png,0,0,1,0,1
images\6832.png,0,0,1,0,1
images\6833.png,0,0,1,0,1
images\6834.png,0,0,1,0,1
images\6835.png,0,0,1,0,1
images\6836.png,0,0,1,0,1
images\6837.png,0,0,1,0,1
images\6838.png,0,0,1,0,1
images\6839.png,0,0,1,0,1
images\6840.png,0,0,1,0,1
images\6841.png,0,0,1,0,1
images\6842.png,0,0,1,0,1
images\6843.png,0,0,1,0,1
images\6844.png,0,0,1,0,1
images\6845.png,0,0,1,0,1
images\6846.png,0,0,1,0,1
images\6847.png,0,0,1,0,1
images\6848.png,0,0,1,0,1
images\6849.png,0,0,1,0,1
images\6850.png,0,0,1,0,1
images\6851.png,0,0,1,0,1
images\6852.png,0,0,1,0,1
images\6853.png,0,0,1,0,1
images\6854.png,0,0,1,0,1
images\6855.png,0,0,1,0,1
images\6856.png,0,0,1,0,1
images\6857.png,0,0,1,0,1
images\6858.png,0,0,1,0,1
images\6859.png,0,0,1,1,0
images\6860.png,0,0,1,1,0
images\6861.png,0,0,1,1,0
images\6862.png,0,0,1,1,0
images\6863.png,0,0,1,1,0
images\6864.png,0,0,1,1,0
images\6865.png,0,0,1,1,0
images\6866.png,0,0,1,1,0
images\6867.png,0,0,1,1,0
images\6868.png,0,0,1,1,0
images\6869.png,0,0,1,1,0
images\6870.png,0,0,1,1,0
images\6871.png,0,0,1,1,0
images\6872.png,0,0,1,1,0
images\6873.png,0,0,1,1,0
images\6874.png,0,0,1,1,0
images\6875.png,0,0,1,1,0
images\6876.png,0,0,1,1,0
images\6877.png,0,0,1,1,0
images\6878.png,0,0,1,1,0
images\6879.png,0,0,1,1,0
images\6880.png,0,0,1,1,0
images\6881.png,0,0,1,1,0
images\6882.png,0,0,1,1,0
images\6883.png,0,0,1,1,0
images\6884.png,0,0,1,1,0
images\6885.png,0,0,1,1,0
images\6886.png,0,0,1,1,0
images\6887.png,0,0,1,1,0
images\6888.png,0,0,1,1,0
images\6889.png,0,0,1,1,0
images\6890.png,0,0,1,1,0
images\6891.png,0,0,1,1,0
images\6892.png,0,0,1,1,0
images\6893.png,0,0,1,1,0
images\6894.png,0,0,1,1,0
images\6895.png,0,0,1,1,0
images\6896.png,0,0,1,1,0
images\6897.png,0,0,1,1,0
images\6898.png,0,0,1,1,0
images\6899.png,0,0,1,1,0
images\6900.png,0,0,1,1,0
images\6901.png,0,0,1,1,0
images\6902.png,0,0,1,1,0
images\6903.png,0,0,1,1,0
images\6904.png,0,0,1,1,0
images\6905.png,0,0,1,1,0
images\6906.png,0,0,1,1,0
images\6907.png,0,0,1,1,0
images\6908.png,0,0,1,1,0
images\6909.png,0,0,1,1,0
images\6910.png,0,0,1,1,0
images\6911.png,0,0,1,1,0
images\6912.png,0,0,1,1,0
images\6913.png,0,0,1,1,0
images\6914.png,0,0,1,1,0
images\6915.png,0,0,1,1,0
images\6916.png,0,0,1,1,0
images\6917.png,0,0,1,1,0
images\6918.png,0,0,1,1,0
images\6919.png,0,0,1,1,0
images\6920.png,0,0,1,1,0
images\6921.png,0,0,1,1,0
images\6922.png,0,0,1,1,0
images\6923.png,0,0,1,1,0
images\6924.png,0,0,1,1,0
images\6925.png,0,0,1,1,0
images\6926.png,0,0,1,1,0
images\6927.png,0,0,1,1,0
images\6928.png,0,0,1,1,0
images\6929.png,0,0,1,1,0
images\6930.png,0,0,1,1,0
images\6931.png,0,0,1,1,0
images\6932.png,0,0,1,1,0
images\6933.png,0,0,1,1,0
images\6934.png,0,0,1,1,0
images\6935.png,0,0,1,1,0
images\6936.png,0,0,1,1,0
images\6937.png,0,0,1,1,0
images\6938.png,0,0,1,1,0
images\6939.png,0,0,1,1,0
images\6940.png,0,0,1,1,0
images\6941.png,0,0,1,1,0
images\6942.png,0,0,1,1,0
images\6943.png,0,0,1,1,0
images\6944.png,0,0,1,1,0
images\6945.png,0,0,1,1,0
images\6946.png,0,0,1,1,0
images\6947.png,0,0,1,1,0
images\6948.png,0,0,1,1,0
images\6949.png,0,0,1,1,0
images\6950.png,0,0,1,1,0
images\6951.png,0,0,1,1,0
images\6952.png,0,0,1,1,0
images\6953.png,0,0,1,1,0
images\6954.png,0,0,1,1,0
images\6955.png,0,0,1,1,0
images\6956.png,0,0,1,1,0
images\6957.png,0,0,1,1,0
images\6958.png,0,0,1,1,0
images\6959.png,0,0,1,1,0
images\6960.png,0,0,1,1,0
images\6961.png,0,0,1,1,0
images\6962.png,0,0,1,1,0
images\6963.png,0,0,1,1,0
images\6964.png,0,0,1,1,0
images\6965.png,0,0,1,1,0
images\6966.png,0,0,1,1,0
images\6967.png,0,0,1,1,0
images\6968.png,0,0,1,1,0
images\6969.png,0,0,1,1,0
images\6970.png,0,0,1,1,0
images\6971.png,0,0,1,1,0
images\6972.png,0,0,1,1,0
images\6973.png,0,0,1,1,0
images\6974.png,0,0,1,1,0
images\6975.png,0,0,1,1,0
images\6976.png,0,0,1,1,0
images\6977.png,0,0,1,1,0
images\6978.png,0,0,1,1,0
images\6979.png,0,0,1,1,0
images\6980.png,0,0,1,1,0
images\6981.png,0,0,1,1,0
images\6982.png,0,0,1,1,0
images\6983.png,0,0,1,1,0
images\6984.png,0,0,1,1,0
images\6985.png,0,0,1,1,0
images\6986.png,0,0,1,1,0
images\6987.png,0,0,1,1,0
images\6988.png,0,0,1,1,0
images\6989.png,0,0,1,1,0
images\6990.png,0,0,1,1,0
images\6991.png,0,0,1,1,0
images\6992.png,0,0,1,1,0
images\6993.png,0,0,1,1,0
images\6994.png,0,0,1,1,0
images\6995.png,0,0,1,1,0
images\6996.png,0,0,1,1,0
images\6997.png,0,0,1,1,0
images\6998.png,0,0,1,1,0
images\6999.png,0,0,1,1,0
images\7000.png,0,0,1,1,0
images\7001.png,0,0,1,1,0
images\7002.png,0,0,1,1,0
images\7003.png,0,0,1,1,0
images\7004.png,0,0,1,1,0
images\7005.png,0,0,1,1,0
images\7006.png,0,0,1,1,0
images\7007.png,0,0,1,1,0
images\7008.png,0,0,1,1,0
images\7009.png,0,0,1,1,0
images\7010.png,0,0,1,1,0
images\7011.png,0,0,1,1,0
images\7012.png,0,0,1,1,0
images\7013.png,0,0,1,1,0
images\7014.png,0,0,1,1,0
images\7015.png,0,0,1,1,0
images\7016.png,0,0,1,1,0
images\7017.png,0,0,1,1,0
images\7018.png,0,0,1,1,0
images\7019.png,0,0,1,1,0
images\7020.png,0,0,1,1,0
images\7021.png,0,0,1,1,0
images\7022.png,0,0,1,1,0
images\7023.png,0,0,1,1,0
images\7024.png,0,0,1,1,0
images\7025.png,0,0,1,1,0
images\7026.png,0,0,1,1,0
images\7027.png,0,0,1,1,0
images\7028.png,0,0,1,1,0
images\7029.png,0,0,1,1,0
images\7030.png,0,0,1,1,0
images\7031.png,0,0,1,1,0
images\7032.png,0,0,1,1,0
images\7033.png,0,0,1,1,0
images\7034.png,0,0,1,1,0
images\7035.png,0,0,1,1,0
images\7036.png,0,0,1,1,0
images\7037.png,0,0,1,1,0
images\7038.png,0,0,1,1,0
images\7039.png,0,0,1,1,0
images\7040.png,0,0,1,1,0
images\7041.png,0,0,1,1,0
images\7042.png,0,0,1,1,0
images\7043.png,0,0,1,1,0
images\7044.png,0,0,1,1,0
images\7045.png,0,0,1,1,0
images\7046.png,0,0,1,1,0
images\7047.png,0,0,1,1,0
images\7048.png,0,0,1,1,0
images\7049.png,0,0,1,1,0
images\7050.png,0,0,1,1,0
images\7051.png,0,0,1,1,0
images\7052.png,0,0,1,1,0
images\7053.png,0,0,1,1,0
images\7054.png,0,0,1,1,0
images\7055.png,0,0,1,1,0
images\7056.png,0,0,1,1,0
images\7057.png,0,0,1,1,0
images\7058.png,0,0,1,1,0
images\7059.png,0,0,1,1,0
images\7060.png,0,0,1,1,0
images\7061.png,0,0,1,1,0
images\7062.png,0,0,1,1,0
images\7063.png,0,0,1,1,0
images\7064.png,0,0,1,1,0
images\7065.png,0,0,1,1,0
images\7066.png,0,0,1,1,0
images\7067.png,0,0,1,1,0
images\7068.png,0,0,1,1,0
images\7069.png,0,0,1,1,0
images\7070.png,0,0,1,1,0
images\7071.png,0,0,1,1,0
images\7072.png,0,0,1,1,0
images\7073.png,0,0,1,1,0
images\7074.png,0,0,1,1,0
images\7075.png,0,0,1,1,0
images\7076.png,0,0,1,1,0
images\7077.png,0,0,1,1,0
images\7078.png,0,0,1,1,0
images\7079.png,0,0,1,1,0
images\7080.png,0,0,1,1,0
images\7081.png,0,0,1,1,0
images\7082.png,0,0,1,1,0
images\7083.png,0,0,1,1,0
images\7084.png,0,0,1,1,0
images\7085.png,0,0,1,1,0
images\7086.png,0,0,1,1,0
images\7087.png,0,0,1,1,0
images\7088.png,0,0,1,1,0
images\7089.png,0,0,1,1,0
images\7090.png,0,0,1,1,0
images\7091.png,0,0,1,1,0
images\7092.png,0,0,1,1,0
images\7093.png,0,0,1,1,0
images\7094.png,0,0,1,1,0
images\7095.png,0,0,1,1,0
images\7096.png,0,0,1,1,0
images\7097.png,0,0,1,1,0
images\7098.png,0,0,1,1,0
images\7099.png,0,0,1,1,0
images\7100.png,0,0,1,1,0
images\7101.png,0,0,1,1,0
images\7102.png,0,0,1,1,0
images\7103.png,0,0,1,1,0
images\7104.png,0,0,1,1,0
images\7105.png,0,0,1,1,0
images\7106.png,0,0,1,1,0
images\7107.png,0,0,1,1,0
images\7108.png,0,0,1,1,0
images\7109.png,0,0,1,1,0
images\7110.png,0,0,1,1,0
images\7111.png,0,0,1,1,0
images\7112.png,0,0,1,1,0
images\7113.png,0,0,1,1,0
images\7114.png,0,0,1,1,0
images\7115.png,0,0,1,1,0
images\7116.png,0,0,1,1,0
images\7117.png,0,0,1,1,0
images\7118.png,0,0,1,1,0
images\7119.png,0,0,1,1,0
images\7120.png,0,0,1,1,0
images\7121.png,0,0,1,1,0
images\7122.png,0,0,1,1,0
images\7123.png,0,0,1,1,0
images\7124.png,0,0,1,1,0
images\7125.png,0,0,1,1,0
images\7126.png,0,0,1,1,0
images\7127.png,0,0,1,1,0
images\7128.png,0,0,1,1,0
images\7129.png,0,0,1,1,0
images\7130.png,0,0,1,1,0
images\7131.png,0,0,1,1,0
images\7132.png,0,0,1,1,0
images\7133.png,0,0,1,1,0
images\7134.png,0,0,1,1,0
images\7135.png,0,0,1,1,0
images\7136.png,0,0,1,1,0
images\7137.png,0,0,1,1,0
images\7138.png,0,0,1,1,0
images\7139.png,0,0,1,1,0
images\7140.png,0,0,1,1,0
images\7141.png,0,0,1,1,0
images\7142.png,0,0,1,1,0
images\7143.png,0,0,1,1,0
images\7144.png,0,0,1,1,0
images\7145.png,0,0,1,1,0
images\7146.png,0,0,1,1,0
images\7147.png,0,0,1,1,0
images\7148.png,0,0,1,1,0
images\7149.png,0,0,1,1,0
images\7150.png,0,0,1,1,0
images\7151.png,0,0,1,1,0
images\7152.png,0,0,1,1,0
images\7153.png,0,0,1,1,0
images\7154.png,0,0,1,1,0
images\7155.png,0,0,1,1,0
images\7156.png,0,0,1,1,0
images\7157.png,0,0,1,1,0
images\7158.png,0,0,1,1,0
images\7159.png,0,0,1,1,0
images\7160.png,0,0,1,1,0
images\7161.png,0,0,1,1,0
images\7162.png,0,0,1,1,0
images\7163.png,0,0,1,1,0
images\7164.png,0,0,1,1,0
images\7165.png,0,0,1,1,0
images\7166.png,0,0,1,1,0
images\7167.png,0,0,1,1,0
images\7168.png,0,0,1,1,0
images\7169.png,0,0,1,1,0
images\7170.png,0,0,1,1,0
images\7171.png,0,0,1,1,0
images\7172.png,0,0,1,1,0
images\7173.png,0,0,1,1,0
images\7174.png,0,0,1,1,0
images\7175.png,0,0,1,1,0
images\7176.png,0,0,1,1,0
images\7177.png,0,0,1,1,0
images\7178.png,0,0,1,1,0
images\7179.png,0,0,1,1,0
images\7180.png,0,0,1,1,0
images\7181.png,0,0,1,1,0
images\7182.png,0,0,1,1,0
images\7183.png,0,0,1,1,0
images\7184.png,0,0,1,1,0
images\7185.png,0,0,1,1,0
images\7186.png,0,0,1,1,0
images\7187.png,0,0,1,1,0
images\7188.png,0,0,1,1,0
images\7189.png,0,0,1,1,0
images\7190.png,0,0,1,1,0
images\7191.png,0,0,1,1,0
images\7192.png,0,0,1,1,0
images\7193.png,0,0,1,1,0
images\7194.png,0,0,1,1,0
images\7195.png,0,0,1,1,0
images\7196.png,0,0,1,1,0
images\7197.png,0,0,1,1,0
images\7198.png,0,0,1,1,0
images\7199.png,0,0,1,1,0
images\7200.png,0,0,1,1,0
images\7201.png,0,0,1,1,0
images\7202.png,0,0,1,1,0
images\7203.png,0,0,1,1,0
images\7204.png,0,0,1,1,0
images\7205.png,0,0,1,1,0
images\7206.png,0,0,1,1,0
images\7207.png,0,0,1,1,0
images\7208.png,0,0,1,1,0
images\7209.png,0,0,1,1,0
images\7210.png,0,0,1,1,0
images\7211.png,0,0,1,1,0
images\7212.png,0,0,1,1,0
images\7213.png,0,0,1,1,0
images\7214.png,0,0,1,1,0
images\7215.png,0,0,1,1,0
images\7216.png,0,0,1,1,0
images\7217.png,0,0,1,1,0
images\7218.png,0,0,1,1,0
images\7219.png,0,0,1,1,0
images\7220.png,0,0,1,1,0
images\7221.png,0,0,1,1,0
images\7222.png,0,0,1,1,0
images\7223.png,0,0,1,1,0
images\7224.png,0,0,1,1,0
images\7225.png,0,0,1,1,0
images\7226.png,0,0,1,1,0
images\7227.png,0,0,1,1,0
images\7228.png,0,0,1,1,0
images\7229.png,0,0,1,1,0
images\7230.png,0,0,1,1,0
images\7231.png,0,0,1,1,0
images\7232.png,0,0,1,1,0
images\7233.png,0,0,1,1,0
images\7234.png,0,0,1,1,0
images\7235.png,0,0,1,1,0
images\7236.png,0,0,1,1,0
images\7237.png,0,0,1,1,0
images\7238.png,0,0,1,1,0
images\7239.png,0,0,1,1,0
images\7240.png,0,0,1,1,0
images\7241.png,0,0,1,1,0
images\7242.png,0,0,1,1,0
images\7243.png,0,0,1,1,0
images\7244.png,0,0,1,1,0
images\7245.png,0,0,1,1,0
images\7246.png,0,0,1,1,0
images\7247.png,0,0,1,1,0
images\7248.png,0,0,1,1,0
images\7249.png,0,0,1,1,0
images\7250.png,0,0,1,1,0
images\7251.png,0,0,1,1,0
images\7252.png,0,0,1,1,0
images\7253.png,0,0,1,1,0
images\7254.png,0,0,1,1,0
images\7255.png,0,0,1,1,0
images\7256.png,0,0,1,1,0
images\7257.png,0,0,1,1,0
images\7258.png,0,0,1,1,0
images\7259.png,0,0,1,1,0
images\7260.png,0,0,1,1,0
images\7261.png,0,0,1,1,0
images\7262.png,0,0,1,1,0
images\7263.png,0,0,1,1,0
images\7264.png,0,0,1,1,0
images\7265.png,0,0,1,1,0
images\7266.png,0,0,1,1,0
images\7267.png,0,0,1,1,0
images\7268.png,0,0,1,1,0
images\7269.png,0,0,1,1,0
images\7270.png,0,0,1,1,0
images\7271.png,0,0,1,1,0
images\7272.png,0,0,1,1,0
images\7273.png,0,0,1,1,0
images\7274.png,0,0,1,1,0
images\7275.png,0,0,1,1,0
images\7276.png,0,0,1,1,0
images\7277.png,0,0,1,1,0
images\7278.png,0,0,1,1,0
images\7279.png,0,0,1,1,0
images\7280.png,0,0,1,1,0
images\7281.png,0,0,1,1,0
images\7282.png,0,0,1,1,0
images\7283.png,0,0,1,1,0
images\7284.png,0,0,1,1,0
images\7285.png,0,0,1,1,0
images\7286.png,0,0,1,1,0
images\7287.png,0,0,1,1,0
images\7288.png,0,0,1,1,0
images\7289.png,0,0,1,1,0
images\7290.png,0,0,1,1,0
images\7291.png,0,0,1,1,0
images\7292.png,0,0,1,1,0
images\7293.png,0,0,1,1,0
images\7294.png,0,0,1,1,0
images\7295.png,0,0,1,1,0
images\7296.png,0,0,1,1,0
images\7297.png,0,0,1,1,0
images\7298.png,0,0,1,1,0
images\7299.png,0,0,1,1,0
images\7300.png,0,0,1,1,0
images\7301.png,0,0,1,1,0
images\7302.png,0,0,1,1,0
images\7303.png,0,0,1,1,0
images\7304.png,0,0,1,1,0
images\7305.png,0,0,1,1,0
images\7306.png,0,0,1,1,0
images\7307.png,0,0,1,1,0
images\7308.png,0,0,1,1,0
images\7309.png,0,0,1,1,0
images\7310.png,0,0,1,1,0
images\7311.png,0,0,1,1,0
images\7312.png,0,0,1,1,0
images\7313.png,0,0,1,1,0
images\7314.png,0,0,1,1,0
images\7315.png,0,0,1,1,0
images\7316.png,0,0,1,1,0
images\7317.png,0,0,1,1,0
images\7318.png,0,0,1,1,0
images\7319.png,0,0,1,1,0
images\7320.png,0,0,1,1,0
images\7321.png,0,0,1,1,0
images\7322.png,0,0,1,1,0
images\7323.png,0,0,1,1,0
images\7324.png,0,0,1,1,0
images\7325.png,0,0,1,1,0
images\7326.png,0,0,1,1,0
images\7327.png,0,0,1,1,0
images\7328.png,0,0,1,1,0
images\7329.png,0,0,1,1,0
images\7330.png,0,0,1,1,0
images\7331.png,0,0,1,1,0
images\7332.png,0,0,1,1,0
images\7333.png,0,0,1,1,0
images\7334.png,0,0,1,1,0
images\7335.png,0,0,1,1,0
images\7336.png,0,0,1,1,0
images\7337.png,0,0,1,1,0
images\7338.png,0,0,1,1,0
images\7339.png,0,0,1,1,0
images\7340.png,0,0,1,1,0
images\7341.png,0,0,1,1,0
images\7342.png,0,0,1,1,0
images\7343.png,0,0,1,1,0
images\7344.png,0,0,1,1,0
images\7345.png,0,0,1,1,0
images\7346.png,0,0,1,1,0
images\7347.png,0,0,1,1,0
images\7348.png,0,0,1,1,0
images\7349.png,0,0,1,1,0
images\7350.png,0,0,1,1,0
images\7351.png,0,0,1,1,0
images\7352.png,0,0,1,1,0
images\7353.png,0,0,1,1,0
images\7354.png,0,0,1,1,0
images\7355.png,0,0,1,1,0
images\7356.png,0,0,1,1,0
images\7357.png,0,0,1,1,0
images\7358.png,0,0,1,1,0
images\7359.png,0,0,1,1,0
images\7360.png,0,0,1,1,0
images\7361.png,0,0,1,1,0
images\7362.png,0,0,1,1,0
images\7363.png,0,0,1,1,0
images\7364.png,0,0,1,1,0
images\7365.png,0,0,1,1,0
images\7366.png,0,0,1,1,0
images\7367.png,0,0,1,1,0
images\7368.png,0,0,1,1,0
images\7369.png,0,0,1,1,0
images\7370.png,0,0,1,1,0
images\7371.png,0,0,1,1,0
images\7372.png,0,0,1,1,0
images\7373.png,0,1,0,0,1
images\7374.png,0,1,0,0,1
images\7375.png,0,1,0,0,1
images\7376.png,0,1,0,0,1
images\7377.png,0,1,0,0,1
images\7378.png,0,1,0,0,1
images\7379.png,0,1,0,0,1
images\7380.png,0,1,0,0,1
images\7381.png,0,1,0,0,1
images\7382.png,0,1,0,0,1
images\7383.png,0,1,0,0,1
images\7384.png,0,1,0,0,1
images\7385.png,0,1,0,0,1
images\7386.png,0,1,0,0,1
images\7387.png,0,1,0,0,1
images\7388.png,0,1,0,0,1
images\7389.png,0,1,0,0,1
images\7390.png,0,1,0,0,1
images\7391.png,0,1,0,0,1
images\7392.png,0,1,0,0,1
images\7393.png,0,1,0,0,1
images\7394.png,0,1,0,0,1
images\7395.png,0,1,0,0,1
images\7396.png,0,1,0,0,1
images\7397.png,0,1,0,0,1
images\7398.png,0,1,0,0,1
images\7399.png,0,1,0,0,1
images\7400.png,0,1,0,0,1
images\7401.png,0,1,0,0,1
images\7402.png,0,1,0,0,1
images\7403.png,0,1,0,0,1
images\7404.png,0,1,0,0,1
images\7405.png,0,1,0,0,1
images\7406.png,0,1,0,0,1
images\7407.png,0,1,0,0,1
images\7408.png,0,1,0,0,1
images\7409.png,0,1,0,0,1
images\7410.png,0,1,0,0,1
images\7411.png,0,1,0,0,1
images\7412.png,0,1,0,0,1
images\7413.png,0,1,0,0,1
images\7414.png,0,1,0,0,1
images\7415.png,0,1,0,0,1
images\7416.png,0,1,0,0,1
images\7417.png,0,1,0,0,1
images\7418.png,0,1,0,0,1
images\7419.png,0,1,0,0,1
images\7420.png,0,1,0,0,1
images\7421.png,0,1,0,0,1
images\7422.png,0,1,0,0,1
images\7423.png,0,1,0,0,1
images\7424.png,0,1,0,0,1
images\7425.png,0,1,0,0,1
images\7426.png,0,1,0,0,1
images\7427.png,0,1,0,0,1
images\7428.png,0,1,0,0,1
images\7429.png,0,1,0,0,1
images\7430.png,0,1,0,0,1
images\7431.png,0,1,0,0,1
images\7432.png,0,1,0,0,1
images\7433.png,0,1,0,0,1
images\7434.png,0,1,0,0,1
images\7435.png,0,1,0,0,1
images\7436.png,0,1,0,0,1
images\7437.png,0,1,0,0,1
images\7438.png,0,1,0,0,1
images\7439.png,0,1,0,0,1
images\7440.png,0,1,0,0,1
images\7441.png,0,1,0,0,1
images\7442.png,0,1,0,0,1
images\7443.png,0,1,0,0,1
images\7444.png,0,1,0,0,1
images\7445.png,0,1,0,0,1
images\7446.png,0,1,0,0,1
images\7447.png,0,1,0,0,1
images\7448.png,0,1,0,0,1
images\7449.png,0,1,0,0,1
images\7450.png,0,1,0,0,1
images\7451.png,0,1,0,0,1
images\7452.png,0,1,0,0,1
images\7453.png,0,1,0,0,1
images\7454.png,0,1,0,0,1
images\7455.png,0,1,0,0,1
images\7456.png,0,1,0,0,1
images\7457.png,0,1,0,0,1
images\7458.png,0,1,0,0,1
images\7459.png,0,1,0,0,1
images\7460.png,0,1,0,0,1
images\7461.png,0,1,0,0,1
images\7462.png,0,1,0,0,1
images\7463.png,0,1,0,0,1
images\7464.png,0,1,0,0,1
images\7465.png,0,1,0,0,1
images\7466.png,0,1,0,0,1
images\7467.png,0,1,0,0,1
images\7468.png,0,1,0,0,1
images\7469.png,0,1,0,0,1
images\7470.png,0,1,0,0,1
images\7471.png,0,1,0,0,1
images\7472.png,0,1,0,0,1
images\7473.png,0,1,0,0,1
images\7474.png,0,1,0,0,1
images\7475.png,0,1,0,0,1
images\7476.png,0,1,0,0,1
images\7477.png,0,1,0,0,1
images\7478.png,0,1,0,0,1
images\7479.png,0,1,0,0,1
images\7480.png,0,1,0,0,1
images\7481.png,0,1,0,0,1
images\7482.png,0,1,0,0,1
images\7483.png,0,1,0,0,1
images\7484.png,0,1,0,0,1
images\7485.png,0,1,0,0,1
images\7486.png,0,1,0,0,1
images\7487.png,0,1,0,0,1
images\7488.png,0,1,0,0,1
images\7489.png,0,1,0,0,1
images\7490.png,0,1,0,0,1
images\7491.png,0,1,0,0,1
images\7492.png,0,1,0,0,1
images\7493.png,0,1,0,0,1
images\7494.png,0,1,0,0,1
images\7495.png,0,1,0,0,1
images\7496.png,0,1,0,0,1
images\7497.png,0,1,0,0,1
images\7498.png,0,1,0,0,1
images\7499.png,0,1,0,0,1
images\7500.png,0,1,0,0,1
images\7501.png,0,1,0,0,1
images\7502.png,0,1,0,0,1
images\7503.png,0,1,0,0,1
images\7504.png,0,1,0,0,1
images\7505.png,0,1,0,0,1
images\7506.png,0,1,0,0,1
images\7507.png,0,1,0,0,1
images\7508.png,0,1,0,0,1
images\7509.png,0,1,0,0,1
images\7510.png,0,1,0,0,1
images\7511.png,0,1,0,0,1
images\7512.png,0,1,0,0,1
images\7513.png,0,1,0,0,1
images\7514.png,0,1,0,0,1
images\7515.png,0,1,0,0,1
images\7516.png,0,1,0,0,1
images\7517.png,0,1,0,0,1
images\7518.png,0,1,0,0,1
images\7519.png,0,1,0,0,1
images\7520.png,0,1,0,0,1
images\7521.png,0,1,0,0,1
images\7522.png,0,1,0,0,1
images\7523.png,0,1,0,0,1
images\7524.png,0,1,0,0,1
images\7525.png,0,1,0,0,1
images\7526.png,0,1,0,0,1
images\7527.png,0,1,0,0,1
images\7528.png,0,1,0,0,1
images\7529.png,0,1,0,0,1
images\7530.png,0,1,0,0,1
images\7531.png,0,1,0,0,1
images\7532.png,0,1,0,0,1
images\7533.png,0,1,0,0,1
images\7534.png,0,1,0,0,1
images\7535.png,0,1,0,0,1
images\7536.png,0,1,0,0,1
images\7537.png,0,1,0,0,1
images\7538.png,0,1,0,0,1
images\7539.png,0,1,0,0,1
images\7540.png,0,1,0,0,1
images\7541.png,0,1,0,0,1
images\7542.png,0,1,0,0,1
images\7543.png,0,1,0,0,1
images\7544.png,0,1,0,0,1
images\7545.png,0,1,0,0,1
images\7546.png,0,1,0,0,1
images\7547.png,0,1,0,0,1
images\7548.png,0,1,0,0,1
images\7549.png,0,1,0,0,1
images\7550.png,0,1,0,0,1
images\7551.png,0,1,0,0,1
images\7552.png,0,1,0,0,1
images\7553.png,0,1,0,0,1
images\7554.png,0,1,0,0,1
images\7555.png,0,1,0,0,1
images\7556.png,0,1,0,0,1
images\7557.png,0,1,0,0,1
images\7558.png,0,1,0,0,1
images\7559.png,0,1,0,0,1
images\7560.png,0,1,0,0,1
images\7561.png,0,1,0,0,1
images\7562.png,0,1,0,0,1
images\7563.png,0,1,0,0,1
images\7564.png,0,1,0,0,1
images\7565.png,0,1,0,0,1
images\7566.png,0,1,0,0,1
images\7567.png,0,1,0,0,1
images\7568.png,0,1,0,0,1
images\7569.png,0,1,0,0,1
images\7570.png,0,1,0,0,1
images\7571.png,0,1,0,0,1
images\7572.png,0,1,0,0,1
images\7573.png,0,1,0,0,1
images\7574.png,0,1,0,0,1
images\7575.png,0,1,0,0,1
images\7576.png,0,1,0,0,1
images\7577.png,0,1,0,0,1
images\7578.png,0,1,0,0,1
images\7579.png,0,1,0,0,1
images\7580.png,0,1,0,0,1
images\7581.png,0,1,0,0,1
images\7582.png,0,1,0,0,1
images\7583.png,0,1,0,0,1
images\7584.png,0,1,0,0,1
images\7585.png,0,1,0,0,1
images\7586.png,0,1,0,0,1
images\7587.png,0,1,0,0,1
images\7588.png,0,1,0,0,1
images\7589.png,0,1,0,0,1
images\7590.png,0,1,0,0,1
images\7591.png,0,1,0,0,1
images\7592.png,0,1,0,0,1
images\7593.png,0,1,0,0,1
images\7594.png,0,1,0,0,1
images\7595.png,0,1,0,0,1
images\7596.png,0,1,0,0,1
images\7597.png,0,1,0,0,1
images\7598.png,0,1,0,0,1
images\7599.png,0,1,0,0,1
images\7600.png,0,1,0,0,1
images\7601.png,0,1,0,0,1
images\7602.png,0,1,0,0,1
images\7603.png,0,1,0,0,1
images\7604.png,0,1,0,0,1
images\7605.png,0,1,0,0,1
images\7606.png,0,1,0,0,1
images\7607.png,0,1,0,0,1
images\7608.png,0,1,0,0,1
images\7609.png,0,1,0,0,1
images\7610.png,0,1,0,0,1
images\7611.png,0,1,0,0,1
images\7612.png,0,1,0,0,1
images\7613.png,0,1,0,0,1
images\7614.png,0,1,0,0,1
images\7615.png,0,1,0,0,1
images\7616.png,0,1,0,0,1
images\7617.png,0,1,0,0,1
images\7618.png,0,1,0,0,1
images\7619.png,0,1,0,0,1
images\7620.png,0,1,0,0,1
images\7621.png,0,1,0,0,1
images\7622.png,0,1,0,0,1
images\7623.png,0,1,0,0,1
images\7624.png,0,1,0,0,1
images\7625.png,0,1,0,0,1
images\7626.png,0,1,0,0,1
images\7627.png,0,1,0,0,1
images\7628.png,0,1,0,0,1
images\7629.png,0,1,0,0,1
images\7630.png,0,1,0,0,1
images\7631.png,0,1,0,0,1
images\7632.png,0,1,0,0,1
images\7633.png,0,1,0,0,1
images\7634.png,0,1,0,0,1
images\7635.png,0,1,0,0,1
images\7636.png,0,1,0,0,1
images\7637.png,0,1,0,0,1
images\7638.png,0,1,0,0,1
images\7639.png,0,1,0,0,1
images\7640.png,0,1,0,0,1
images\7641.png,0,1,0,0,1
images\7642.png,0,1,0,0,1
images\7643.png,0,1,0,0,1
images\7644.png,0,1,0,0,1
images\7645.png,0,1,0,0,1
images\7646.png,0,1,0,0,1
images\7647.png,0,1,0,0,1
images\7648.png,0,1,0,0,1
images\7649.png,0,1,0,0,1
images\7650.png,0,1,0,0,1
images\7651.png,0,1,0,0,1
images\7652.png,0,1,0,0,1
images\7653.png,0,1,0,0,1
images\7654.png,0,1,0,0,1
images\7655.png,0,1,0,0,1
images\7656.png,0,1,0,0,1
images\7657.png,0,1,0,0,1
images\7658.png,0,1,0,0,1
images\7659.png,0,1,0,0,1
images\7660.png,0,1,0,0,1
images\7661.png,0,1,0,0,1
images\7662.png,0,1,0,0,1
images\7663.png,0,1,0,0,1
images\7664.png,0,1,0,0,1
images\7665.png,0,1,0,0,1
images\7666.png,0,1,0,0,1
images\7667.png,0,1,0,0,1
images\7668.png,0,1,0,0,1
images\7669.png,0,1,0,0,1
images\7670.png,0,1,0,0,1
images\7671.png,0,1,0,0,1
images\7672.png,0,1,0,0,1
images\7673.png,0,1,0,0,1
images\7674.png,0,1,0,0,1
images\7675.png,0,1,0,0,1
images\7676.png,0,1,0,0,1
images\7677.png,0,1,0,0,1
images\7678.png,0,1,0,0,1
images\7679.png,0,1,0,0,1
images\7680.png,0,1,0,0,1
images\7681.png,0,1,0,0,1
images\7682.png,0,1,0,0,1
images\7683.png,0,1,0,0,1
images\7684.png,0,1,0,0,1
images\7685.png,0,1,0,0,1
images\7686.png,0,1,0,0,1
images\7687.png,0,1,0,0,1
images\7688.png,0,1,0,0,1
images\7689.png,0,1,0,0,1
images\7690.png,0,1,0,0,1
images\7691.png,0,1,0,0,1
images\7692.png,0,1,0,0,1
images\7693.png,0,1,0,0,1
images\7694.png,0,1,0,0,1
images\7695.png,0,1,0,0,1
images\7696.png,0,1,0,0,1
images\7697.png,0,1,0,0,1
images\7698.png,0,1,0,0,1
images\7699.png,0,1,0,0,1
images\7700.png,0,1,0,0,1
images\7701.png,0,1,0,0,1
images\7702.png,0,1,0,0,1
images\7703.png,0,1,0,0,1
images\7704.png,0,1,0,0,1
images\7705.png,0,1,0,0,1
images\7706.png,0,1,0,0,1
images\7707.png,0,1,0,0,1
images\7708.png,0,1,0,0,1
images\7709.png,0,1,0,0,1
images\7710.png,0,1,0,0,1
images\7711.png,0,1,0,0,1
images\7712.png,0,1,0,0,1
images\7713.png,0,1,0,0,1
images\7714.png,0,1,0,0,1
images\7715.png,0,1,0,0,1
images\7716.png,0,1,0,0,1
images\7717.png,0,1,0,0,1
images\7718.png,0,1,0,0,1
images\7719.png,0,1,0,0,1
images\7720.png,0,1,0,0,1
images\7721.png,0,1,0,0,1
images\7722.png,0,1,0,0,1
images\7723.png,0,1,0,0,1
images\7724.png,0,1,0,0,1
images\7725.png,0,1,0,0,1
images\7726.png,0,1,0,0,1
images\7727.png,0,1,0,0,1
images\7728.png,0,1,0,0,1
images\7729.png,0,1,0,0,1
images\7730.png,0,1,0,0,1
images\7731.png,0,1,0,0,1
images\7732.png,0,1,0,0,1
images\7733.png,0,1,0,0,1
images\7734.png,0,1,0,0,1
images\7735.png,0,1,0,0,1
images\7736.png,0,1,0,0,1
images\7737.png,0,1,0,0,1
images\7738.png,0,1,0,0,1
images\7739.png,0,1,0,0,1
images\7740.png,0,1,0,0,1
images\7741.png,0,1,0,0,1
images\7742.png,0,1,0,0,1
images\7743.png,0,1,0,0,1
images\7744.png,0,1,0,0,1
images\7745.png,0,1,0,0,1
images\7746.png,0,1,0,0,1
images\7747.png,0,1,0,0,1
images\7748.png,0,1,0,0,1
images\7749.png,0,1,0,0,1
images\7750.png,0,1,0,0,1
images\7751.png,0,1,0,0,1
images\7752.png,0,1,0,0,1
images\7753.png,0,1,0,0,1
images\7754.png,0,1,0,0,1
images\7755.png,0,1,0,0,1
images\7756.png,0,1,0,0,1
images\7757.png,0,1,0,0,1
images\7758.png,0,1,0,0,1
images\7759.png,0,1,0,0,1
images\7760.png,0,1,0,0,1
images\7761.png,0,1,0,0,1
images\7762.png,0,1,0,0,1
images\7763.png,0,1,0,0,1
images\7764.png,0,1,0,0,1
images\7765.png,0,1,0,0,1
images\7766.png,0,1,0,0,1
images\7767.png,0,1,0,0,1
images\7768.png,0,1,0,0,1
images\7769.png,0,1,0,0,1
images\7770.png,0,1,0,0,1
images\7771.png,0,1,0,0,1
images\7772.png,0,1,0,0,1
images\7773.png,0,1,0,0,1
images\7774.png,0,1,0,0,1
images\7775.png,0,1,0,0,1
images\7776.png,0,1,0,0,1
images\7777.png,0,1,0,0,1
images\7778.png,0,1,0,0,1
images\7779.png,0,1,0,0,1
images\7780.png,0,1,0,0,1
images\7781.png,0,1,0,0,1
images\7782.png,0,1,0,0,1
images\7783.png,0,1,0,0,1
images\7784.png,0,1,0,0,1
images\7785.png,0,1,0,0,1
images\7786.png,0,1,0,0,1
images\7787.png,0,1,0,0,1
images\7788.png,0,1,0,0,1
images\7789.png,0,1,0,0,1
images\7790.png,0,1,0,0,1
images\7791.png,0,1,0,0,1
images\7792.png,0,1,0,0,1
images\7793.png,0,1,0,0,1
images\7794.png,0,1,0,0,1
images\7795.png,0,1,0,0,1
images\7796.png,0,1,0,0,1
images\7797.png,0,1,0,0,1
images\7798.png,0,1,0,0,1
images\7799.png,0,1,0,0,1
images\7800.png,0,1,0,0,1
images\7801.png,0,1,0,0,1
images\7802.png,0,1,0,0,1
images\7803.png,0,1,0,0,1
images\7804.png,0,1,0,0,1
images\7805.png,0,1,0,0,1
images\7806.png,0,1,0,0,1
images\7807.png,0,1,0,0,1
images\7808.png,0,1,0,0,1
images\7809.png,0,1,0,0,1
images\7810.png,0,1,0,0,1
images\7811.png,0,1,0,0,1
images\7812.png,0,1,0,0,1
images\7813.png,0,1,0,0,1
images\7814.png,0,1,0,0,1
images\7815.png,0,1,0,0,1
images\7816.png,0,1,0,0,1
images\7817.png,0,1,0,0,1
images\7818.png,0,1,0,0,1
images\7819.png,0,1,0,0,1
images\7820.png,0,1,0,0,1
images\7821.png,0,1,0,0,1
images\7822.png,0,1,0,0,1
images\7823.png,0,1,0,0,1
images\7824.png,0,1,0,0,1
images\7825.png,0,1,0,0,1
images\7826.png,0,1,0,0,1
images\7827.png,0,1,0,0,1
images\7828.png,0,1,0,0,1
images\7829.png,0,1,0,0,1
images\7830.png,0,1,0,0,1
images\7831.png,0,1,0,0,1
images\7832.png,0,1,0,0,1
images\7833.png,0,1,0,0,1
images\7834.png,0,1,0,0,1
images\7835.png,0,1,0,0,1
images\7836.png,0,1,0,0,1
images\7837.png,0,1,0,0,1
images\7838.png,0,1,0,0,1
images\7839.png,0,1,0,0,1
images\7840.png,0,1,0,0,1
images\7841.png,0,1,0,0,1
images\7842.png,0,1,0,0,1
images\7843.png,0,1,0,0,1
images\7844.png,0,1,0,0,1
images\7845.png,0,1,0,0,1
images\7846.png,0,1,0,0,1
images\7847.png,0,1,0,0,1
images\7848.png,0,1,0,0,1
images\7849.png,0,1,0,0,1
images\7850.png,0,1,0,0,1
images\7851.png,0,1,0,0,1
images\7852.png,0,1,0,0,1
images\7853.png,0,1,0,0,1
images\7854.png,0,1,0,0,1
images\7855.png,0,1,0,0,1
images\7856.png,0,1,0,0,1
images\7857.png,0,1,0,0,1
images\7858.png,0,1,0,0,1
images\7859.png,0,1,0,0,1
images\7860.png,0,1,0,0,1
images\7861.png,0,1,0,0,1
images\7862.png,0,1,0,0,1
images\7863.png,0,1,0,0,1
images\7864.png,0,1,0,0,1
images\7865.png,0,1,0,0,1
images\7866.png,0,1,0,0,1
images\7867.png,0,1,0,0,1
images\7868.png,0,1,0,0,1
images\7869.png,0,1,0,0,1
images\7870.png,0,1,0,0,1
images\7871.png,0,1,0,0,1
images\7872.png,0,1,0,0,1
images\7873.png,0,1,0,0,1
images\7874.png,0,1,0,0,1
images\7875.png,0,1,0,0,1
images\7876.png,0,1,0,0,1
images\7877.png,0,1,0,0,1
images\7878.png,0,1,0,0,1
images\7879.png,0,1,0,0,1
images\7880.png,0,1,0,0,1
images\7881.png,0,1,0,0,1
images\7882.png,0,1,0,0,1
images\7883.png,0,1,0,0,1
images\7884.png,0,1,0,0,1
images\7885.png,0,1,0,0,1
images\7886.png,0,1,0,0,1
images\7887.png,0,1,0,0,1
images\7888.png,0,1,0,0,1
images\7889.png,0,1,0,0,1
images\7890.png,0,1,0,0,1
images\7891.png,0,1,0,0,1
images\7892.png,0,1,0,0,1
images\7893.png,0,1,0,0,1
images\7894.png,0,1,0,0,1
images\7895.png,0,1,0,0,1
images\7896.png,0,1,0,0,1
images\7897.png,0,1,0,0,1
images\7898.png,0,1,0,0,1
images\7899.png,0,1,0,0,1
images\7900.png,0,1,0,0,1
images\7901.png,0,1,0,0,1
images\7902.png,0,1,0,0,1
images\7903.png,0,1,0,0,1
images\7904.png,0,1,0,0,1
images\7905.png,0,1,0,0,1
images\7906.png,0,1,0,0,1
images\7907.png,0,1,0,0,1
images\7908.png,0,1,0,0,1
images\7909.png,0,1,0,0,1
images\7910.png,0,1,0,0,1
images\7911.png,0,1,0,0,1
images\7912.png,0,1,0,0,1
images\7913.png,0,1,0,0,1
images\7914.png,0,1,0,0,1
images\7915.png,0,1,0,0,1
images\7916.png,0,1,0,0,1
images\7917.png,0,1,0,0,1
images\7918.png,0,1,0,0,1
images\7919.png,0,1,0,0,1
images\7920.png,0,1,0,0,1
images\7921.png,0,1,0,0,1
images\7922.png,0,1,0,0,1
images\7923.png,0,1,0,0,1
images\7924.png,0,1,0,0,1
images\7925.png,0,1,0,0,1
images\7926.png,0,1,0,0,1
images\7927.png,0,1,0,0,1
images\7928.png,0,1,0,0,1
images\7929.png,0,1,0,0,1
images\7930.png,0,1,0,0,1
images\7931.png,0,1,0,0,1
images\7932.png,0,1,0,0,1
images\7933.png,0,1,0,0,1
images\7934.png,0,1,0,0,1
images\7935.png,0,1,0,0,1
images\7936.png,0,1,0,0,1
images\7937.png,0,1,0,0,1
images\7938.png,0,1,0,0,1
images\7939.png,0,1,0,0,1
images\7940.png,0,1,0,0,1
images\7941.png,0,1,0,0,1
images\7942.png,0,1,0,0,1
images\7943.png,0,1,0,0,1
images\7944.png,0,1,0,0,1
images\7945.png,0,1,0,0,1
images\7946.png,0,1,0,0,1
images\7947.png,0,1,0,0,1
images\7948.png,0,1,0,0,1
images\7949.png,0,1,0,0,1
images\7950.png,0,1,0,0,1
images\7951.png,0,1,0,0,1
images\7952.png,0,1,0,0,1
images\7953.png,0,1,0,0,1
images\7954.png,0,1,0,0,1
images\7955.png,0,1,0,0,1
images\7956.png,0,1,0,0,1
images\7957.png,0,1,0,0,1
images\7958.png,0,1,0,0,1
images\7959.png,0,1,0,0,1
images\7960.png,0,1,0,0,1
images\7961.png,0,1,0,0,1
images\7962.png,0,1,0,0,1
images\7963.png,0,1,0,0,1
images\7964.png,0,1,0,0,1
images\7965.png,0,1,0,0,1
images\7966.png,0,1,0,0,1
images\7967.png,0,1,0,0,1
images\7968.png,0,1,0,0,1
images\7969.png,0,1,0,0,1
images\7970.png,0,1,0,0,1
images\7971.png,0,1,0,0,1
images\7972.png,0,1,0,0,1
images\7973.png,0,1,0,0,1
images\7974.png,0,1,0,0,1
images\7975.png,0,1,0,0,1
images\7976.png,1,0,0,0,1
images\7977.png,1,0,0,0,1
images\7978.png,1,0,0,0,1
images\7979.png,1,0,0,0,1
images\7980.png,1,0,0,0,1
images\7981.png,1,0,0,0,1
images\7982.png,1,0,0,0,1
images\7983.png,1,0,0,0,1
images\7984.png,1,0,0,0,1
images\7985.png,1,0,0,0,1
images\7986.png,1,0,0,0,1
images\7987.png,1,0,0,0,1
images\7988.png,1,0,0,0,1
images\7989.png,1,0,0,0,1
images\7990.png,1,0,0,0,1
images\7991.png,1,0,0,0,1
images\7992.png,1,0,0,0,1
images\7993.png,1,0,0,0,1
images\7994.png,1,0,0,0,1
images\7995.png,1,0,0,0,1
images\7996.png,1,0,0,0,1
images\7997.png,1,0,0,0,1
images\7998.png,1,0,0,0,1
images\7999.png,1,0,0,0,1
images\8000.png,1,0,0,0,1
images\8001.png,1,0,0,0,1
images\8002.png,1,0,0,0,1
images\8003.png,1,0,0,0,1
images\8004.png,1,0,0,0,1
images\8005.png,1,0,0,0,1
images\8006.png,1,0,0,0,1
images\8007.png,1,0,0,0,1
images\8008.png,1,0,0,0,1
images\8009.png,1,0,0,0,1
images\8010.png,1,0,0,0,1
images\8011.png,1,0,0,0,1
images\8012.png,1,0,0,0,1
images\8013.png,1,0,0,0,1
images\8014.png,1,0,0,0,1
images\8015.png,1,0,0,0,1
images\8016.png,1,0,0,0,1
images\8017.png,1,0,0,0,1
images\8018.png,1,0,0,0,1
images\8019.png,1,0,0,0,1
images\8020.png,1,0,0,0,1
images\8021.png,1,0,0,0,1
images\8022.png,1,0,0,0,1
images\8023.png,1,0,0,0,1
images\8024.png,1,0,0,0,1
images\8025.png,1,0,0,0,1
images\8026.png,1,0,0,0,1
images\8027.png,1,0,0,0,1
images\8028.png,1,0,0,0,1
images\8029.png,1,0,0,0,1
images\8030.png,1,0,0,0,1
images\8031.png,1,0,0,0,1
images\8032.png,1,0,0,0,1
images\8033.png,1,0,0,0,1
images\8034.png,1,0,0,0,1
images\8035.png,1,0,0,0,1
images\8036.png,1,0,0,0,1
images\8037.png,1,0,0,0,1
images\8038.png,1,0,0,0,1
images\8039.png,1,0,0,0,1
images\8040.png,1,0,0,0,1
images\8041.png,1,0,0,0,1
images\8042.png,1,0,0,0,1
images\8043.png,1,0,0,0,1
images\8044.png,1,0,0,0,1
images\8045.png,1,0,0,0,1
images\8046.png,1,0,0,0,1
images\8047.png,1,0,0,0,1
images\8048.png,1,0,0,0,1
images\8049.png,1,0,0,0,1
images\8050.png,1,0,0,0,1
images\8051.png,1,0,0,0,1
images\8052.png,1,0,0,0,1
images\8053.png,1,0,0,0,1
images\8054.png,1,0,0,0,1
images\8055.png,1,0,0,0,1
images\8056.png,1,0,0,0,1
images\8057.png,1,0,0,0,1
images\8058.png,1,0,0,0,1
images\8059.png,1,0,0,0,1
images\8060.png,1,0,0,0,1
images\8061.png,1,0,0,0,1
images\8062.png,1,0,0,0,1
images\8063.png,1,0,0,0,1
images\8064.png,1,0,0,0,1
images\8065.png,1,0,0,0,1
images\8066.png,1,0,0,0,1
images\8067.png,1,0,0,0,1
images\8068.png,1,0,0,0,1
images\8069.png,1,0,0,0,1
images\8070.png,1,0,0,0,1
images\8071.png,1,0,0,0,1
images\8072.png,1,0,0,0,1
images\8073.png,1,0,0,0,1
images\8074.png,1,0,0,0,1
images\8075.png,1,0,0,0,1
images\8076.png,1,0,0,0,1
images\8077.png,1,0,0,0,1
images\8078.png,1,0,0,0,1
images\8079.png,1,0,0,0,1
images\8080.png,1,0,0,0,1
images\8081.png,1,0,0,0,1
images\8082.png,1,0,0,0,1
images\8083.png,1,0,0,0,1
images\8084.png,1,0,0,0,1
images\8085.png,1,0,0,0,1
images\8086.png,1,0,0,0,1
images\8087.png,1,0,0,0,1
images\8088.png,1,0,0,0,1
images\8089.png,1,0,0,0,1
images\8090.png,1,0,0,0,1
images\8091.png,1,0,0,0,1
images\8092.png,1,0,0,0,1
images\8093.png,1,0,0,0,1
images\8094.png,1,0,0,0,1
images\8095.png,1,0,0,0,1
images\8096.png,1,0,0,0,1
images\8097.png,1,0,0,0,1
images\8098.png,1,0,0,0,1
images\8099.png,1,0,0,0,1
images\8100.png,1,0,0,0,1
images\8101.png,1,0,0,0,1
images\8102.png,1,0,0,0,1
images\8103.png,1,0,0,0,1
images\8104.png,1,0,0,0,1
images\8105.png,1,0,0,0,1
images\8106.png,1,0,0,0,1
images\8107.png,1,0,0,0,1
images\8108.png,1,0,0,0,1
images\8109.png,1,0,0,0,1
images\8110.png,1,0,0,0,1
images\8111.png,1,0,0,0,1
images\8112.png,1,0,0,0,1
images\8113.png,1,0,0,0,1
images\8114.png,1,0,0,0,1
images\8115.png,1,0,0,0,1
images\8116.png,1,0,0,0,1
images\8117.png,1,0,0,0,1
images\8118.png,1,0,0,0,1
images\8119.png,1,0,0,0,1
images\8120.png,1,0,0,0,1
images\8121.png,1,0,0,0,1
images\8122.png,1,0,0,0,1
images\8123.png,1,0,0,0,1
images\8124.png,1,0,0,0,1
images\8125.png,1,0,0,0,1
images\8126.png,1,0,0,0,1
images\8127.png,1,0,0,0,1
images\8128.png,1,0,0,0,1
images\8129.png,1,0,0,0,1
images\8130.png,1,0,0,0,1
images\8131.png,1,0,0,0,1
images\8132.png,1,0,0,0,1
images\8133.png,1,0,0,0,1
images\8134.png,1,0,0,0,1
images\8135.png,1,0,0,0,1
images\8136.png,1,0,0,0,1
images\8137.png,1,0,0,0,1
images\8138.png,1,0,0,0,1
images\8139.png,1,0,0,0,1
images\8140.png,1,0,0,0,1
images\8141.png,1,0,0,0,1
images\8142.png,1,0,0,0,1
images\8143.png,1,0,0,0,1
images\8144.png,1,0,0,0,1
images\8145.png,1,0,0,0,1
images\8146.png,1,0,0,0,1
images\8147.png,1,0,0,0,1
images\8148.png,1,0,0,0,1
images\8149.png,1,0,0,0,1
images\8150.png,1,0,0,0,1
images\8151.png,1,0,0,0,1
images\8152.png,1,0,0,0,1
images\8153.png,1,0,0,0,1
images\8154.png,1,0,0,0,1
images\8155.png,1,0,0,0,1
images\8156.png,1,0,0,0,1
images\8157.png,1,0,0,0,1
images\8158.png,1,0,0,0,1
images\8159.png,1,0,0,0,1
images\8160.png,1,0,0,0,1
images\8161.png,1,0,0,0,1
images\8162.png,1,0,0,0,1
images\8163.png,1,0,0,0,1
images\8164.png,1,0,0,0,1
images\8165.png,1,0,0,0,1
images\8166.png,1,0,0,0,1
images\8167.png,1,0,0,0,1
images\8168.png,1,0,0,0,1
images\8169.png,1,0,0,0,1
images\8170.png,1,0,0,0,1
images\8171.png,1,0,0,0,1
images\8172.png,1,0,0,0,1
images\8173.png,1,0,0,0,1
images\8174.png,1,0,0,0,1
images\8175.png,1,0,0,0,1
images\8176.png,1,0,0,0,1
images\8177.png,1,0,0,0,1
images\8178.png,1,0,0,0,1
images\8179.png,1,0,0,0,1
images\8180.png,1,0,0,0,1
images\8181.png,1,0,0,0,1
images\8182.png,1,0,0,0,1
images\8183.png,1,0,0,0,1
images\8184.png,1,0,0,0,1
images\8185.png,1,0,0,0,1
images\8186.png,1,0,0,0,1
images\8187.png,1,0,0,0,1
images\8188.png,1,0,0,0,1
images\8189.png,1,0,0,0,1
images\8190.png,1,0,0,0,1
images\8191.png,1,0,0,0,1
images\8192.png,1,0,0,0,1
images\8193.png,1,0,0,0,1
images\8194.png,1,0,0,0,1
images\8195.png,1,0,0,0,1
images\8196.png,1,0,0,0,1
images\8197.png,1,0,0,0,1
images\8198.png,1,0,0,0,1
images\8199.png,1,0,0,0,1
images\8200.png,1,0,0,0,1
images\8201.png,1,0,0,0,1
images\8202.png,1,0,0,0,1
images\8203.png,1,0,0,0,1
images\8204.png,1,0,0,0,1
images\8205.png,1,0,0,0,1
images\8206.png,1,0,0,0,1
images\8207.png,1,0,0,0,1
images\8208.png,1,0,0,0,1
images\8209.png,1,0,0,0,1
images\8210.png,1,0,0,0,1
images\8211.png,1,0,0,0,1
images\8212.png,1,0,0,0,1
images\8213.png,1,0,0,0,1
images\8214.png,1,0,0,0,1
images\8215.png,1,0,0,0,1
images\8216.png,1,0,0,0,1
images\8217.png,1,0,0,0,1
images\8218.png,1,0,0,0,1
images\8219.png,1,0,0,0,1
images\8220.png,1,0,0,0,1
images\8221.png,1,0,0,0,1
images\8222.png,1,0,0,0,1
images\8223.png,1,0,0,0,1
images\8224.png,1,0,0,0,1
images\8225.png,1,0,0,0,1
images\8226.png,1,0,0,0,1
images\8227.png,1,0,0,0,1
images\8228.png,1,0,0,0,1
images\8229.png,1,0,0,0,1
images\8230.png,1,0,0,0,1
images\8231.png,1,0,0,0,1
images\8232.png,1,0,0,0,1
images\8233.png,1,0,0,0,1
images\8234.png,1,0,0,0,1
images\8235.png,1,0,0,0,1
images\8236.png,1,0,0,0,1
images\8237.png,1,0,0,0,1
images\8238.png,1,0,0,0,1
images\8239.png,1,0,0,0,1
images\8240.png,1,0,0,0,1
images\8241.png,1,0,0,0,1
images\8242.png,1,0,0,0,1
images\8243.png,1,0,0,0,1
images\8244.png,1,0,0,0,1
images\8245.png,1,0,0,0,1
images\8246.png,1,0,0,0,1
images\8247.png,1,0,0,0,1
images\8248.png,1,0,0,0,1
images\8249.png,1,0,0,0,1
images\8250.png,1,0,0,0,1
images\8251.png,1,0,0,0,1
images\8252.png,1,0,0,0,1
images\8253.png,1,0,0,0,1
images\8254.png,1,0,0,0,1
images\8255.png,1,0,0,0,1
images\8256.png,1,0,0,0,1
images\8257.png,1,0,0,0,1
images\8258.png,1,0,0,0,1
images\8259.png,1,0,0,0,1
images\8260.png,0,0,0,0,1
images\8261.png,0,0,0,0,1
images\8262.png,0,0,0,0,1
images\8263.png,0,0,0,0,1
images\8264.png,0,0,0,0,1
images\8265.png,0,0,0,0,1
images\8266.png,0,0,0,0,1
images\8267.png,0,0,0,0,1
images\8268.png,0,0,0,0,1
images\8269.png,0,0,0,0,1
images\8270.png,0,0,0,0,1
images\8271.png,0,0,0,0,1
images\8272.png,0,0,0,0,1
images\8273.png,0,0,0,0,1
images\8274.png,0,0,0,0,1
images\8275.png,0,0,0,0,1
images\8276.png,0,0,0,0,1
images\8277.png,1,0,0,0,1
images\8278.png,1,0,0,0,1
images\8279.png,1,0,0,0,1
images\8280.png,1,0,0,0,1
images\8281.png,1,0,0,0,1
images\8282.png,1,0,0,0,1
images\8283.png,1,0,0,0,1
images\8284.png,1,0,0,0,1
images\8285.png,1,0,0,0,1
images\8286.png,1,0,0,0,1
images\8287.png,1,0,0,0,1
images\8288.png,1,0,0,0,1
images\8289.png,1,0,0,0,1
images\8290.png,1,0,0,0,1
images\8291.png,1,0,0,0,1
images\8292.png,1,0,0,0,1
images\8293.png,1,0,0,0,1
images\8294.png,1,0,0,0,1
images\8295.png,1,0,0,0,1
images\8296.png,1,0,0,0,1
images\8297.png,1,0,0,0,1
images\8298.png,1,0,0,0,1
images\8299.png,1,0,0,0,1
images\8300.png,1,0,0,0,1
images\8301.png,1,0,0,0,1
images\8302.png,1,0,0,0,1
images\8303.png,1,0,0,0,1
images\8304.png,1,0,0,0,1
images\8305.png,1,0,0,0,1
images\8306.png,1,0,0,0,1
images\8307.png,1,0,0,0,1
images\8308.png,1,0,0,0,1
images\8309.png,1,0,0,0,1
images\8310.png,1,0,0,0,1
images\8311.png,1,0,0,0,1
images\8312.png,1,0,0,0,1
images\8313.png,1,0,0,0,1
images\8314.png,1,0,0,0,1
images\8315.png,1,0,0,0,1
images\8316.png,1,0,0,0,1
images\8317.png,1,0,0,0,1
images\8318.png,1,0,0,0,1
images\8319.png,1,0,0,0,1
images\8320.png,1,0,0,0,1
images\8321.png,1,0,0,0,1
images\8322.png,1,0,0,0,1
images\8323.png,1,0,0,0,1
images\8324.png,1,0,0,0,1
images\8325.png,1,0,0,0,1
images\8326.png,1,0,0,0,1
images\8327.png,1,0,0,0,1
images\8328.png,1,0,0,0,1
images\8329.png,1,0,0,0,1
images\8330.png,1,0,0,0,1
images\8331.png,1,0,0,0,1
images\8332.png,1,0,0,0,1
images\8333.png,1,0,0,0,1
images\8334.png,1,0,0,0,1
images\8335.png,1,0,0,0,1
images\8336.png,1,0,0,0,1
images\8337.png,1,0,0,0,1
images\8338.png,1,0,0,0,1
images\8339.png,1,0,0,0,1
images\8340.png,1,0,0,0,1
images\8341.png,1,0,0,0,1
images\8342.png,1,0,0,0,1
images\8343.png,1,0,0,0,1
images\8344.png,1,0,0,0,1
images\8345.png,1,0,0,0,1
images\8346.png,1,0,0,0,1
images\8347.png,1,0,0,0,1
images\8348.png,1,0,0,0,1
images\8349.png,1,0,0,0,1
images\8350.png,1,0,0,0,1
images\8351.png,1,0,0,0,1
images\8352.png,1,0,0,0,1
images\8353.png,1,0,0,0,1
images\8354.png,1,0,0,0,1
images\8355.png,1,0,0,0,1
images\8356.png,1,0,0,0,1
images\8357.png,1,0,0,0,1
images\8358.png,1,0,0,0,1
images\8359.png,1,0,0,0,1
images\8360.png,1,0,0,0,1
images\8361.png,1,0,0,0,1
images\8362.png,1,0,0,0,1
images\8363.png,1,0,0,0,1
images\8364.png,1,0,0,0,1
images\8365.png,1,0,0,0,1
images\8366.png,1,0,0,0,1
images\8367.png,1,0,0,0,1
images\8368.png,1,0,0,0,1
images\8369.png,1,0,0,0,1
images\8370.png,1,0,0,0,1
images\8371.png,1,0,0,0,1
images\8372.png,1,0,0,0,1
images\8373.png,1,0,0,0,1
images\8374.png,1,0,0,0,1
images\8375.png,1,0,0,0,1
images\8376.png,1,0,0,0,1
images\8377.png,1,0,0,0,1
images\8378.png,1,0,0,0,1
images\8379.png,1,0,0,0,1
images\8380.png,1,0,0,0,1
images\8381.png,1,0,0,0,1
images\8382.png,1,0,0,0,1
images\8383.png,1,0,0,0,1
images\8384.png,1,0,0,0,1
images\8385.png,1,0,0,0,1
images\8386.png,1,0,0,0,1
images\8387.png,1,0,0,0,1
images\8388.png,1,0,0,0,1
images\8389.png,1,0,0,0,1
images\8390.png,1,0,0,0,1
images\8391.png,1,0,0,0,1
images\8392.png,1,0,0,0,1
images\8393.png,1,0,0,0,1
images\8394.png,1,0,0,0,1
images\8395.png,1,0,0,0,1
images\8396.png,1,0,0,0,1
images\8397.png,1,0,0,0,1
images\8398.png,1,0,0,0,1
images\8399.png,1,0,0,0,1
images\8400.png,1,0,0,0,1
images\8401.png,1,0,0,0,1
images\8402.png,1,0,0,0,1
images\8403.png,1,0,0,0,1
images\8404.png,1,0,0,0,1
images\8405.png,1,0,0,0,1
images\8406.png,1,0,0,0,1
images\8407.png,1,0,0,0,1
images\8408.png,1,0,0,0,1
images\8409.png,1,0,0,0,1
images\8410.png,1,0,0,0,1
images\8411.png,1,0,0,0,1
images\8412.png,1,0,0,0,1
images\8413.png,1,0,0,0,1
images\8414.png,1,0,0,0,1
images\8415.png,1,0,0,0,1
images\8416.png,1,0,0,0,1
images\8417.png,1,0,0,0,1
images\8418.png,1,0,0,0,1
images\8419.png,1,0,0,0,1
images\8420.png,1,0,0,0,1
images\8421.png,1,0,0,0,1
images\8422.png,1,0,0,0,1
images\8423.png,1,0,0,0,1
images\8424.png,1,0,0,0,1
images\8425.png,1,0,0,0,1
images\8426.png,1,0,0,0,1
images\8427.png,1,0,0,0,1
images\8428.png,1,0,0,0,1
images\8429.png,1,0,0,0,1
images\8430.png,1,0,0,0,1
images\8431.png,1,0,0,0,1
images\8432.png,1,0,0,0,1
images\8433.png,1,0,0,0,1
images\8434.png,1,0,0,0,1
images\8435.png,1,0,0,0,1
images\8436.png,1,0,0,0,1
images\8437.png,1,0,0,0,1
images\8438.png,1,0,0,0,1
images\8439.png,1,0,0,0,1
images\8440.png,1,0,0,0,1
images\8441.png,1,0,0,0,1
images\8442.png,1,0,0,0,1
images\8443.png,1,0,0,0,1
images\8444.png,1,0,0,0,1
images\8445.png,1,0,0,0,1
images\8446.png,1,0,0,0,1
images\8447.png,1,0,0,0,1
images\8448.png,1,0,0,0,1
images\8449.png,1,0,0,1,0
images\8450.png,1,0,0,1,0
images\8451.png,1,0,0,1,0
images\8452.png,1,0,0,1,0
images\8453.png,1,0,0,1,0
images\8454.png,1,0,0,1,0
images\8455.png,1,0,0,1,0
images\8456.png,1,0,0,1,0
images\8457.png,1,0,0,1,0
images\8458.png,1,0,0,1,0
images\8459.png,1,0,0,1,0
images\8460.png,1,0,0,1,0
images\8461.png,1,0,0,1,0
images\8462.png,1,0,0,1,0
images\8463.png,1,0,0,1,0
images\8464.png,1,0,0,1,0
images\8465.png,1,0,0,1,0
images\8466.png,1,0,0,1,0
images\8467.png,1,0,0,1,0
images\8468.png,1,0,0,1,0
images\8469.png,1,0,0,1,0
images\8470.png,1,0,0,1,0
images\8471.png,1,0,0,1,0
images\8472.png,1,0,0,1,0
images\8473.png,1,0,0,1,0
images\8474.png,1,0,0,1,0
images\8475.png,1,0,0,1,0
images\8476.png,1,0,0,1,0
images\8477.png,1,0,0,1,0
images\8478.png,1,0,0,1,0
images\8479.png,1,0,0,1,0
images\8480.png,1,0,0,1,0
images\8481.png,1,0,0,1,0
images\8482.png,1,0,0,1,0
images\8483.png,1,0,0,1,0
images\8484.png,1,0,0,1,0
images\8485.png,1,0,0,1,0
images\8486.png,1,0,0,1,0
images\8487.png,1,0,0,1,0
images\8488.png,1,0,0,1,0
images\8489.png,1,0,0,1,0
images\8490.png,1,0,0,1,0
images\8491.png,1,0,0,1,0
images\8492.png,1,0,0,1,0
images\8493.png,1,0,0,1,0
images\8494.png,1,0,0,1,0
images\8495.png,1,0,0,1,0
images\8496.png,1,0,0,1,0
images\8497.png,1,0,0,1,0
images\8498.png,1,0,0,1,0
images\8499.png,1,0,0,1,0
images\8500.png,1,0,0,1,0
images\8501.png,1,0,0,1,0
images\8502.png,1,0,0,1,0
images\8503.png,1,0,0,1,0
images\8504.png,1,0,0,1,0
images\8505.png,1,0,0,1,0
images\8506.png,1,0,0,1,0
images\8507.png,1,0,0,1,0
images\8508.png,1,0,0,1,0
images\8509.png,1,0,0,1,0
images\8510.png,1,0,0,1,0
images\8511.png,1,0,0,1,0
images\8512.png,1,0,0,1,0
images\8513.png,1,0,0,1,0
images\8514.png,1,0,0,1,0
images\8515.png,1,0,0,1,0
images\8516.png,1,0,0,1,0
images\8517.png,1,0,0,1,0
images\8518.png,1,0,0,1,0
images\8519.png,1,0,0,1,0
images\8520.png,1,0,0,1,0
images\8521.png,1,0,0,1,0
images\8522.png,1,0,0,1,0
images\8523.png,1,0,0,1,0
images\8524.png,1,0,0,1,0
images\8525.png,1,0,0,1,0
images\8526.png,1,0,0,1,0
images\8527.png,1,0,0,1,0
images\8528.png,1,0,0,1,0
images\8529.png,1,0,0,1,0
images\8530.png,1,0,0,1,0
images\8531.png,1,0,0,1,0
images\8532.png,1,0,0,1,0
images\8533.png,1,0,0,1,0
images\8534.png,1,0,0,1,0
images\8535.png,1,0,0,1,0
images\8536.png,1,0,0,1,0
images\8537.png,1,0,0,1,0
images\8538.png,1,0,0,1,0
images\8539.png,1,0,0,1,0
images\8540.png,1,0,0,1,0
images\8541.png,1,0,0,1,0
images\8542.png,1,0,0,1,0
images\8543.png,1,0,0,1,0
images\8544.png,1,0,0,1,0
images\8545.png,1,0,0,1,0
images\8546.png,1,0,0,1,0
images\8547.png,1,0,0,1,0
images\8548.png,1,0,0,1,0
images\8549.png,1,0,0,1,0
images\8550.png,1,0,0,1,0
images\8551.png,1,0,0,1,0
images\8552.png,1,0,0,1,0
images\8553.png,1,0,0,1,0
images\8554.png,1,0,0,1,0
images\8555.png,1,0,0,1,0
images\8556.png,1,0,0,1,0
images\8557.png,1,0,0,1,0
images\8558.png,1,0,0,1,0
images\8559.png,1,0,0,1,0
images\8560.png,1,0,0,1,0
images\8561.png,1,0,0,1,0
images\8562.png,1,0,0,1,0
images\8563.png,1,0,0,1,0
images\8564.png,1,0,0,1,0
images\8565.png,1,0,0,1,0
images\8566.png,1,0,0,1,0
images\8567.png,1,0,0,1,0
images\8568.png,1,0,0,1,0
images\8569.png,1,0,0,1,0
images\8570.png,1,0,0,1,0
images\8571.png,1,0,0,1,0
images\8572.png,1,0,0,1,0
images\8573.png,1,0,0,1,0
images\8574.png,1,0,0,1,0
images\8575.png,1,0,0,1,0
images\8576.png,1,0,0,1,0
images\8577.png,1,0,0,1,0
images\8578.png,1,0,0,1,0
images\8579.png,1,0,0,1,0
images\8580.png,1,0,0,1,0
images\8581.png,1,0,0,1,0
images\8582.png,1,0,0,1,0
images\8583.png,1,0,0,1,0
images\8584.png,1,0,0,1,0
images\8585.png,1,0,0,1,0
images\8586.png,1,0,0,1,0
images\8587.png,1,0,0,1,0
images\8588.png,1,0,0,1,0
images\8589.png,1,0,0,1,0
images\8590.png,1,0,0,1,0
images\8591.png,1,0,0,1,0
images\8592.png,1,0,0,1,0
images\8593.png,1,0,0,1,0
images\8594.png,1,0,0,1,0
images\8595.png,1,0,0,1,0
images\8596.png,1,0,0,1,0
images\8597.png,1,0,0,1,0
images\8598.png,1,0,0,1,0
images\8599.png,1,0,0,1,0
images\8600.png,1,0,0,1,0
images\8601.png,1,0,0,1,0
images\8602.png,1,0,0,1,0
images\8603.png,1,0,0,1,0
images\8604.png,1,0,0,1,0
images\8605.png,1,0,0,1,0
images\8606.png,1,0,0,1,0
images\8607.png,1,0,0,1,0
images\8608.png,1,0,0,1,0
images\8609.png,1,0,0,1,0
images\8610.png,1,0,0,1,0
images\8611.png,1,0,0,1,0
images\8612.png,1,0,0,1,0
images\8613.png,1,0,0,1,0
images\8614.png,1,0,0,1,0
images\8615.png,1,0,0,1,0
images\8616.png,1,0,0,1,0
images\8617.png,1,0,0,1,0
images\8618.png,1,0,0,1,0
images\8619.png,1,0,0,1,0
images\8620.png,1,0,0,1,0
images\8621.png,1,0,0,1,0
images\8622.png,1,0,0,1,0
images\8623.png,1,0,0,1,0
images\8624.png,1,0,0,1,0
images\8625.png,1,0,0,1,0
images\8626.png,1,0,0,1,0
images\8627.png,1,0,0,1,0
images\8628.png,1,0,0,1,0
images\8629.png,1,0,0,1,0
images\8630.png,1,0,0,1,0
images\8631.png,1,0,0,1,0
images\8632.png,1,0,0,1,0
images\8633.png,1,0,0,1,0
images\8634.png,1,0,0,1,0
images\8635.png,1,0,0,1,0
images\8636.png,1,0,0,1,0
images\8637.png,1,0,0,1,0
images\8638.png,1,0,0,1,0
images\8639.png,1,0,0,1,0
images\8640.png,1,0,0,1,0
images\8641.png,1,0,0,1,0
images\8642.png,1,0,0,1,0
images\8643.png,1,0,0,1,0
images\8644.png,1,0,0,1,0
images\8645.png,1,0,0,1,0
images\8646.png,1,0,0,1,0
images\8647.png,1,0,0,1,0
images\8648.png,1,0,0,1,0
images\8649.png,1,0,0,1,0
images\8650.png,1,0,0,1,0
images\8651.png,1,0,0,1,0
images\8652.png,1,0,0,1,0
images\8653.png,1,0,0,1,0
images\8654.png,1,0,0,1,0
images\8655.png,1,0,0,1,0
images\8656.png,1,0,0,1,0
images\8657.png,1,0,0,1,0
images\8658.png,1,0,0,1,0
images\8659.png,1,0,0,1,0
images\8660.png,1,0,0,1,0
images\8661.png,1,0,0,1,0
images\8662.png,1,0,0,1,0
images\8663.png,1,0,0,1,0
images\8664.png,1,0,0,1,0
images\8665.png,1,0,0,1,0
images\8666.png,1,0,0,1,0
images\8667.png,1,0,0,1,0
images\8668.png,1,0,0,1,0
images\8669.png,1,0,0,1,0
images\8670.png,1,0,0,1,0
images\8671.png,1,0,0,1,0
images\8672.png,1,0,0,1,0
images\8673.png,1,0,0,1,0
images\8674.png,1,0,0,1,0
images\8675.png,1,0,0,1,0
images\8676.png,1,0,0,1,0
images\8677.png,1,0,0,1,0
images\8678.png,1,0,0,1,0
images\8679.png,1,0,0,1,0
images\8680.png,1,0,0,1,0
images\8681.png,1,0,0,1,0
images\8682.png,1,0,0,1,0
images\8683.png,1,0,0,1,0
images\8684.png,1,0,0,1,0
images\8685.png,1,0,0,1,0
images\8686.png,1,0,0,1,0
images\8687.png,1,0,0,1,0
images\8688.png,1,0,0,1,0
images\8689.png,1,0,0,1,0
images\8690.png,1,0,0,1,0
images\8691.png,1,0,0,1,0
images\8692.png,1,0,0,1,0
images\8693.png,1,0,0,1,0
images\8694.png,1,0,0,1,0
images\8695.png,1,0,0,1,0
images\8696.png,1,0,0,1,0
images\8697.png,1,0,0,1,0
images\8698.png,1,0,0,1,0
images\8699.png,1,0,0,1,0
images\8700.png,1,0,0,1,0
images\8701.png,1,0,0,1,0
images\8702.png,1,0,0,1,0
images\8703.png,1,0,0,1,0
images\8704.png,1,0,0,1,0
images\8705.png,1,0,0,1,0
images\8706.png,1,0,0,1,0
images\8707.png,1,0,0,1,0
images\8708.png,1,0,0,1,0
images\8709.png,1,0,0,1,0
images\8710.png,1,0,0,1,0
images\8711.png,1,0,0,1,0
images\8712.png,1,0,0,1,0
images\8713.png,1,0,0,1,0
images\8714.png,1,0,0,1,0
images\8715.png,1,0,0,1,0
images\8716.png,1,0,0,1,0
images\8717.png,1,0,0,1,0
images\8718.png,1,0,0,1,0
images\8719.png,1,0,0,1,0
images\8720.png,1,0,0,1,0
images\8721.png,1,0,0,1,0
images\8722.png,1,0,0,1,0
images\8723.png,1,0,0,1,0
images\8724.png,1,0,0,1,0
images\8725.png,1,0,0,1,0
images\8726.png,1,0,0,1,0
images\8727.png,1,0,0,1,0
images\8728.png,1,0,0,1,0
images\8729.png,1,0,0,1,0
images\8730.png,1,0,0,1,0
images\8731.png,1,0,0,1,0
images\8732.png,1,0,0,1,0
images\8733.png,1,0,0,1,0
images\8734.png,1,0,0,1,0
images\8735.png,1,0,0,1,0
images\8736.png,1,0,0,1,0
images\8737.png,1,0,0,1,0
images\8738.png,1,0,0,1,0
images\8739.png,1,0,0,1,0
images\8740.png,1,0,0,1,0
images\8741.png,1,0,0,1,0
images\8742.png,1,0,0,1,0
images\8743.png,1,0,0,1,0
images\8744.png,1,0,0,1,0
images\8745.png,1,0,0,1,0
images\8746.png,1,0,0,1,0
images\8747.png,1,0,0,1,0
images\8748.png,1,0,0,1,0
images\8749.png,1,0,0,1,0
images\8750.png,1,0,0,1,0
images\8751.png,1,0,0,1,0
images\8752.png,1,0,0,1,0
images\8753.png,1,0,0,1,0
images\8754.png,1,0,0,1,0
images\8755.png,1,0,0,1,0
images\8756.png,1,0,0,1,0
images\8757.png,1,0,0,1,0
images\8758.png,1,0,0,1,0
images\8759.png,1,0,0,1,0
images\8760.png,1,0,0,1,0
images\8761.png,1,0,0,1,0
images\8762.png,1,0,0,1,0
images\8763.png,1,0,0,1,0
images\8764.png,1,0,0,1,0
images\8765.png,1,0,0,1,0
images\8766.png,1,0,0,1,0
images\8767.png,1,0,0,1,0
images\8768.png,1,0,0,1,0
images\8769.png,1,0,0,1,0
images\8770.png,1,0,0,1,0
images\8771.png,1,0,0,1,0
images\8772.png,1,0,0,1,0
images\8773.png,1,0,0,1,0
images\8774.png,1,0,0,1,0
images\8775.png,1,0,0,1,0
images\8776.png,1,0,0,1,0
images\8777.png,1,0,0,1,0
images\8778.png,1,0,0,1,0
images\8779.png,1,0,0,1,0
images\8780.png,1,0,0,1,0
images\8781.png,1,0,0,1,0
images\8782.png,1,0,0,1,0
images\8783.png,1,0,0,1,0
images\8784.png,1,0,0,1,0
images\8785.png,1,0,0,1,0
images\8786.png,1,0,0,1,0
images\8787.png,1,0,0,1,0
images\8788.png,1,0,0,1,0
images\8789.png,1,0,0,1,0
images\8790.png,1,0,0,1,0
images\8791.png,1,0,0,1,0
images\8792.png,1,0,0,1,0
images\8793.png,1,0,0,1,0
images\8794.png,1,0,0,1,0
images\8795.png,1,0,0,1,0
images\8796.png,1,0,0,1,0
images\8797.png,1,0,0,1,0
images\8798.png,1,0,0,1,0
images\8799.png,1,0,0,1,0
images\8800.png,1,0,0,1,0
images\8801.png,1,0,0,1,0
images\8802.png,1,0,0,1,0
images\8803.png,1,0,0,1,0
images\8804.png,1,0,0,1,0
images\8805.png,1,0,0,1,0
images\8806.png,1,0,0,1,0
images\8807.png,1,0,0,1,0
images\8808.png,1,0,0,1,0
images\8809.png,1,0,0,1,0
images\8810.png,1,0,0,1,0
images\8811.png,1,0,0,1,0
images\8812.png,1,0,0,1,0
images\8813.png,1,0,0,1,0
images\8814.png,1,0,0,1,0
images\8815.png,1,0,0,1,0
images\8816.png,1,0,0,1,0
images\8817.png,1,0,0,1,0
images\8818.png,1,0,0,1,0
images\8819.png,1,0,0,1,0
images\8820.png,1,0,0,1,0
images\8821.png,1,0,0,1,0
images\8822.png,1,0,0,1,0
images\8823.png,1,0,0,1,0
images\8824.png,1,0,0,1,0
images\8825.png,1,0,0,1,0
images\8826.png,1,0,0,1,0
images\8827.png,1,0,0,1,0
images\8828.png,1,0,0,1,0
images\8829.png,1,0,0,1,0
images\8830.png,1,0,0,1,0
images\8831.png,1,0,0,1,0
images\8832.png,1,0,0,1,0
images\8833.png,1,0,0,1,0
images\8834.png,1,0,0,1,0
images\8835.png,1,0,0,1,0
images\8836.png,1,0,0,1,0
images\8837.png,1,0,0,1,0
images\8838.png,1,0,0,1,0
images\8839.png,1,0,0,1,0
images\8840.png,1,0,0,1,0
images\8841.png,1,0,0,1,0
images\8842.png,1,0,0,1,0
images\8843.png,1,0,0,1,0
images\8844.png,1,0,0,1,0
images\8845.png,1,0,0,1,0
images\8846.png,1,0,0,1,0
images\8847.png,1,0,0,1,0
images\8848.png,1,0,0,1,0
images\8849.png,1,0,0,1,0
images\8850.png,1,0,0,1,0
images\8851.png,1,0,0,1,0
images\8852.png,1,0,0,1,0
images\8853.png,1,0,0,1,0
images\8854.png,1,0,0,1,0
images\8855.png,1,0,0,1,0
images\8856.png,1,0,0,1,0
images\8857.png,1,0,0,1,0
images\8858.png,1,0,0,1,0
images\8859.png,1,0,0,1,0
images\8860.png,1,0,0,1,0
images\8861.png,1,0,0,1,0
images\8862.png,1,0,0,1,0
images\8863.png,1,0,0,1,0
images\8864.png,1,0,0,1,0
images\8865.png,1,0,0,1,0
images\8866.png,1,0,0,1,0
images\8867.png,1,0,0,1,0
images\8868.png,1,0,0,1,0
images\8869.png,1,0,0,1,0
images\8870.png,1,0,0,1,0
images\8871.png,1,0,0,1,0
images\8872.png,1,0,0,1,0
images\8873.png,1,0,0,1,0
images\8874.png,1,0,0,1,0
images\8875.png,1,0,0,1,0
images\8876.png,1,0,0,1,0
images\8877.png,1,0,0,1,0
images\8878.png,1,0,0,1,0
images\8879.png,1,0,0,1,0
images\8880.png,1,0,0,1,0
images\8881.png,1,0,0,1,0
images\8882.png,1,0,0,1,0
images\8883.png,1,0,0,1,0
images\8884.png,1,0,0,1,0
images\8885.png,1,0,0,1,0
images\8886.png,1,0,0,1,0
images\8887.png,1,0,0,1,0
images\8888.png,1,0,0,1,0
images\8889.png,1,0,0,1,0
images\8890.png,1,0,0,1,0
images\8891.png,1,0,0,1,0
images\8892.png,1,0,0,1,0
images\8893.png,1,0,0,1,0
images\8894.png,1,0,0,1,0
images\8895.png,1,0,0,1,0
images\8896.png,1,0,0,1,0
images\8897.png,1,0,0,1,0
images\8898.png,1,0,0,1,0
images\8899.png,1,0,0,1,0
images\8900.png,1,0,0,1,0
images\8901.png,1,0,0,1,0
images\8902.png,1,0,0,1,0
images\8903.png,1,0,0,1,0
images\8904.png,1,0,0,1,0
images\8905.png,1,0,0,1,0
images\8906.png,1,0,0,1,0
images\8907.png,1,0,0,1,0
images\8908.png,1,0,0,1,0
images\8909.png,1,0,0,1,0
images\8910.png,1,0,0,1,0
images\8911.png,1,0,0,1,0
images\8912.png,1,0,0,1,0
images\8913.png,1,0,0,1,0
images\8914.png,1,0,0,1,0
images\8915.png,1,0,0,1,0
images\8916.png,1,0,0,1,0
images\8917.png,1,0,0,1,0
images\8918.png,1,0,0,1,0
images\8919.png,1,0,0,1,0
images\8920.png,1,0,0,1,0
images\8921.png,1,0,0,1,0
images\8922.png,1,0,0,1,0
images\8923.png,1,0,0,1,0
images\8924.png,1,0,0,1,0
images\8925.png,1,0,0,1,0
images\8926.png,1,0,0,1,0
images\8927.png,1,0,0,1,0
images\8928.png,1,0,0,1,0
images\8929.png,1,0,0,1,0
images\8930.png,1,0,0,1,0
images\8931.png,0,0,0,1,0
images\8932.png,0,0,0,1,0
images\8933.png,0,0,0,1,0
images\8934.png,0,0,0,1,0
images\8935.png,0,0,0,1,0
images\8936.png,1,0,0,1,0
images\8937.png,1,0,0,1,0
images\8938.png,1,0,0,1,0
images\8939.png,1,0,0,1,0
images\8940.png,1,0,0,1,0
images\8941.png,1,0,0,1,0
images\8942.png,1,0,0,1,0
images\8943.png,1,0,0,1,0
images\8944.png,1,0,0,1,0
images\8945.png,1,0,0,1,0
images\8946.png,1,0,0,1,0
images\8947.png,1,0,0,1,0
images\8948.png,1,0,0,1,0
images\8949.png,1,0,0,1,0
images\8950.png,1,0,0,1,0
images\8951.png,1,0,0,1,0
images\8952.png,1,0,0,1,0
images\8953.png,1,0,0,1,0
images\8954.png,1,0,0,1,0
images\8955.png,1,0,0,1,0
images\8956.png,1,0,0,1,0
images\8957.png,1,0,0,1,0
images\8958.png,1,0,0,1,0
images\8959.png,1,0,0,1,0
images\8960.png,1,0,0,1,0
images\8961.png,1,0,0,1,0
images\8962.png,1,0,0,1,0
images\8963.png,1,0,0,1,0
images\8964.png,1,0,0,1,0
images\8965.png,1,0,0,1,0
images\8966.png,1,0,0,1,0
images\8967.png,1,0,0,1,0
images\8968.png,1,0,0,1,0
images\8969.png,1,0,0,1,0
images\8970.png,1,0,0,1,0
images\8971.png,1,0,0,1,0
images\8972.png,1,0,0,1,0
images\8973.png,1,0,0,1,0
images\8974.png,1,0,0,1,0
images\8975.png,1,0,0,1,0
images\8976.png,1,0,0,1,0
images\8977.png,1,0,0,1,0
images\8978.png,1,0,0,1,0
images\8979.png,1,0,0,1,0
images\8980.png,1,0,0,1,0
images\8981.png,1,0,0,1,0
images\8982.png,1,0,0,1,0
images\8983.png,1,0,0,1,0
images\8984.png,1,0,0,1,0
images\8985.png,1,0,0,1,0
images\8986.png,1,0,0,1,0
images\8987.png,1,0,0,1,0
images\8988.png,1,0,0,1,0
images\8989.png,1,0,0,1,0
images\8990.png,1,0,0,1,0
images\8991.png,1,0,0,1,0
images\8992.png,1,0,0,1,0
images\8993.png,1,0,0,1,0
images\8994.png,1,0,0,1,0
images\8995.png,1,0,0,1,0
images\8996.png,1,0,0,1,0
images\8997.png,0,0,0,1,0
images\8998.png,0,0,0,1,0
images\8999.png,0,0,0,1,0
images\9000.png,0,0,0,1,0
images\9001.png,0,0,0,1,0
images\9002.png,0,0,0,1,0
images\9003.png,0,0,0,1,0
images\9004.png,0,0,0,1,0
images\9005.png,0,0,0,1,0
images\9006.png,0,0,0,1,0
images\9007.png,0,0,0,1,0
images\9008.png,0,0,0,1,0
images\9009.png,0,0,0,1,0
images\9010.png,0,0,0,1,0
images\9011.png,0,0,0,1,0
images\9012.png,0,0,0,1,0
images\9013.png,1,0,0,1,0
images\9014.png,1,0,0,1,0
images\9015.png,1,0,0,1,0
images\9016.png,1,0,0,1,0
images\9017.png,1,0,0,1,0
images\9018.png,1,0,0,1,0
images\9019.png,1,0,0,1,0
images\9020.png,1,0,0,1,0
images\9021.png,1,0,0,1,0
images\9022.png,1,0,0,1,0
images\9023.png,1,0,0,1,0
images\9024.png,1,0,0,1,0
images\9025.png,1,0,0,1,0
images\9026.png,1,0,0,1,0
images\9027.png,1,0,0,1,0
images\9028.png,1,0,0,1,0
images\9029.png,1,0,0,1,0
images\9030.png,1,0,0,1,0
images\9031.png,1,0,0,1,0
images\9032.png,1,0,0,1,0
images\9033.png,1,0,0,1,0
images\9034.png,1,0,0,1,0
images\9035.png,1,0,0,1,0
images\9036.png,1,0,0,1,0
images\9037.png,1,0,0,1,0
images\9038.png,1,0,0,1,0
images\9039.png,1,0,0,1,0
images\9040.png,1,0,0,1,0
images\9041.png,1,0,0,1,0
images\9042.png,1,0,0,1,0
images\9043.png,1,0,0,1,0
images\9044.png,1,0,0,1,0
images\9045.png,1,0,0,1,0
images\9046.png,1,0,0,1,0
images\9047.png,1,0,0,1,0
images\9048.png,1,0,0,1,0
images\9049.png,1,0,0,1,0
images\9050.png,1,0,0,1,0
images\9051.png,1,0,0,1,0
images\9052.png,1,0,0,1,0
images\9053.png,1,0,0,1,0
images\9054.png,1,0,0,1,0
images\9055.png,1,0,0,1,0
images\9056.png,1,0,0,1,0
images\9057.png,1,0,0,1,0
images\9058.png,1,0,0,1,0
images\9059.png,1,0,0,1,0
images\9060.png,1,0,0,1,0
images\9061.png,1,0,0,1,0
images\9062.png,1,0,0,1,0
images\9063.png,1,0,0,1,0
images\9064.png,1,0,0,1,0
images\9065.png,1,0,0,1,0
images\9066.png,1,0,0,1,0
images\9067.png,1,0,0,1,0
images\9068.png,1,0,0,1,0
images\9069.png,1,0,0,1,0
images\9070.png,1,0,0,1,0
images\9071.png,1,0,0,1,0
images\9072.png,1,0,0,1,0
images\9073.png,1,0,0,1,0
images\9074.png,1,0,0,1,0
images\9075.png,1,0,0,1,0
images\9076.png,1,0,0,1,0
images\9077.png,1,0,0,1,0
images\9078.png,1,0,0,1,0
images\9079.png,1,0,0,1,0
images\9080.png,1,0,0,1,0
images\9081.png,1,0,0,1,0
images\9082.png,1,0,0,1,0
images\9083.png,1,0,0,1,0
images\9084.png,1,0,0,1,0
images\9085.png,1,0,0,1,0
images\9086.png,1,0,0,1,0
images\9087.png,1,0,0,1,0
images\9088.png,1,0,0,1,0
images\9089.png,1,0,0,1,0
images\9090.png,1,0,0,1,0
images\9091.png,1,0,0,1,0
images\9092.png,1,0,0,1,0
images\9093.png,1,0,0,1,0
images\9094.png,1,0,0,1,0
images\9095.png,1,0,0,1,0
images\9096.png,1,0,0,1,0
images\9097.png,1,0,0,1,0
images\9098.png,1,0,0,1,0
images\9099.png,1,0,0,1,0
images\9100.png,1,0,0,1,0
images\9101.png,1,0,0,1,0
images\9102.png,1,0,0,1,0
images\9103.png,1,0,0,1,0
images\9104.png,1,0,0,1,0
images\9105.png,1,0,0,1,0
images\9106.png,1,0,0,1,0
images\9107.png,1,0,0,1,0
images\9108.png,1,0,0,1,0
images\9109.png,1,1,1,1,1
images\9110.png,1,1,1,1,1
images\9111.png,1,1,1,1,1
images\9112.png,1,1,1,1,1
images\9113.png,1,1,1,1,1
images\9114.png,1,1,1,1,1
images\9115.png,1,1,1,1,1
images\9116.png,1,1,1,1,1
images\9117.png,1,1,1,1,1
images\9118.png,1,1,1,1,1
images\9119.png,1,1,1,1,1
images\9120.png,1,1,1,1,1
images\9121.png,1,1,1,1,1
images\9122.png,1,1,1,1,1
images\9123.png,1,1,1,1,1
images\9124.png,1,1,1,1,1
images\9125.png,1,1,1,1,1
images\9126.png,1,1,1,1,1
images\9127.png,1,1,1,1,1
images\9128.png,1,1,1,1,1
images\9129.png,1,1,1,1,1
images\9130.png,1,1,1,1,1
images\9131.png,1,1,1,1,1
images\9132.png,1,1,1,1,1
images\9133.png,1,1,1,1,1
images\9134.png,1,1,1,1,1
images\9135.png,1,1,1,1,1
images\9136.png,1,1,1,1,1
images\9137.png,1,1,1,1,1
images\9138.png,1,1,1,1,1
images\9139.png,1,1,1,1,1
images\9140.png,1,1,1,1,1
images\9141.png,1,1,1,1,1
images\9142.png,1,1,1,1,1
images\9143.png,1,1,1,1,1
images\9144.png,1,1,1,1,1
images\9145.png,1,1,1,1,1
images\9146.png,1,1,1,1,1
images\9147.png,1,1,1,1,1
images\9148.png,1,1,1,1,1
images\9149.png,1,1,1,1,1
images\9150.png,1,1,1,1,1
images\9151.png,1,1,1,1,1
images\9152.png,1,1,1,1,1
images\9153.png,1,1,1,1,1
images\9154.png,1,1,1,1,1
images\9155.png,1,1,1,1,1
images\9156.png,1,1,1,1,1
images\9157.png,1,1,1,1,1
images\9158.png,1,1,1,1,1
images\9159.png,1,1,1,1,1
images\9160.png,1,1,1,1,1
images\9161.png,1,1,1,1,1
images\9162.png,1,1,1,1,1
images\9163.png,1,1,1,1,1
images\9164.png,1,1,1,1,1
images\9165.png,1,1,1,1,1
images\9166.png,1,1,1,1,1
images\9167.png,1,1,1,1,1
images\9168.png,1,1,1,1,1
images\9169.png,1,1,1,1,1
images\9170.png,1,1,1,1,1
images\9171.png,1,1,1,1,1
images\9172.png,1,1,1,1,1
images\9173.png,1,1,1,1,1
images\9174.png,1,1,1,1,1
images\9175.png,1,1,1,1,1
images\9176.png,1,1,1,1,1
images\9177.png,1,1,1,1,1
images\9178.png,1,1,1,1,1
images\9179.png,1,1,1,1,1
images\9180.png,1,1,1,1,1
images\9181.png,1,1,1,1,1
images\9182.png,1,1,1,1,1
images\9183.png,1,1,1,1,1
images\9184.png,1,1,1,1,1
images\9185.png,1,1,1,1,1
images\9186.png,1,1,1,1,1
images\9187.png,1,1,1,1,1
images\9188.png,1,1,1,1,1
images\9189.png,1,1,1,1,1
images\9190.png,1,1,1,1,1
images\9191.png,1,1,1,1,1
images\9192.png,1,1,1,1,1
images\9193.png,1,1,1,1,1
images\9194.png,1,1,1,1,1
images\9195.png,1,1,1,1,1
images\9196.png,1,1,1,1,1
images\9197.png,1,1,1,1,1
images\9198.png,1,1,1,1,1
images\9199.png,1,1,1,1,1
images\9200.png,1,1,1,1,1
images\9201.png,1,1,1,1,1
images\9202.png,1,1,1,1,1
images\9203.png,1,1,1,1,1
images\9204.png,1,1,1,1,1
images\9205.png,1,1,1,1,1
images\9206.png,1,1,1,1,1
images\9207.png,1,1,1,1,1
images\9208.png,1,1,1,1,1
images\9209.png,1,1,1,1,1
images\9210.png,1,1,1,1,1
images\9211.png,1,1,1,1,1
images\9212.png,1,1,1,1,1
images\9213.png,1,1,1,1,1
images\9214.png,1,1,1,1,1
images\9215.png,1,1,1,1,1
images\9216.png,1,1,1,1,1
images\9217.png,1,1,1,1,1
images\9218.png,1,1,1,1,1
images\9219.png,1,1,1,1,1
images\9220.png,1,1,1,1,1
images\9221.png,1,1,1,1,1
images\9222.png,1,1,1,1,1
images\9223.png,1,1,1,1,1
images\9224.png,1,1,1,1,1
images\9225.png,1,1,1,1,1
images\9226.png,1,1,1,1,1
images\9227.png,1,1,1,1,1
images\9228.png,1,1,1,1,1
images\9229.png,1,1,1,1,1
images\9230.png,1,1,1,1,1
images\9231.png,1,1,1,1,1
images\9232.png,1,1,1,1,1
images\9233.png,1,1,1,1,1
images\9234.png,1,1,1,1,1
images\9235.png,1,1,1,1,1
images\9236.png,1,1,1,1,1
images\9237.png,1,1,1,1,1
images\9238.png,1,1,1,1,1
images\9239.png,1,1,1,1,1
images\9240.png,1,1,1,1,1
images\9241.png,1,1,1,1,1
images\9242.png,1,1,1,1,1
images\9243.png,1,1,1,1,1
images\9244.png,1,1,1,1,1
images\9245.png,1,1,1,1,1
images\9246.png,1,1,1,1,1
images\9247.png,1,1,1,1,1
images\9248.png,1,1,1,1,1
images\9249.png,1,1,1,1,1
images\9250.png,1,1,1,1,1
images\9251.png,1,1,1,1,1
images\9252.png,1,1,1,1,1
images\9253.png,1,1,1,1,1
images\9254.png,1,1,1,1,1
images\9255.png,1,1,1,1,1
images\9256.png,1,1,1,1,1
images\9257.png,1,1,1,1,1
images\9258.png,1,1,1,1,1
images\9259.png,1,1,1,1,1
images\9260.png,1,1,1,1,1
images\9261.png,1,1,1,1,1
images\9262.png,1,1,1,1,1
images\9263.png,1,1,1,1,1
images\9264.png,1,1,1,1,1
images\9265.png,1,1,1,1,1
images\9266.png,1,1,1,1,1
images\9267.png,1,1,1,1,1
images\9268.png,1,1,1,1,1
images\9269.png,1,1,1,1,1
images\9270.png,1,1,1,1,1
images\9271.png,1,1,1,1,1
images\9272.png,1,1,1,1,1
images\9273.png,1,1,1,1,1
images\9274.png,1,1,1,1,1
images\9275.png,1,1,1,1,1
images\9276.png,1,1,1,1,1
images\9277.png,1,1,1,1,1
images\9278.png,1,1,1,1,1
images\9279.png,1,1,1,1,1
images\9280.png,1,1,1,1,1
images\9281.png,1,1,1,1,1
images\9282.png,1,1,1,1,1
images\9283.png,1,1,1,1,1
images\9284.png,1,1,1,1,1
images\9285.png,1,1,1,1,1
images\9286.png,1,1,1,1,1
images\9287.png,1,1,1,1,1
images\9288.png,1,1,1,1,1
images\9289.png,1,1,1,1,1
images\9290.png,1,1,1,1,1
images\9291.png,1,1,1,1,1
images\9292.png,1,1,1,1,1
images\9293.png,1,1,1,1,1
images\9294.png,1,1,1,1,1
images\9295.png,1,1,1,1,1
images\9296.png,1,1,1,1,1
images\9297.png,1,1,1,1,1
images\9298.png,1,1,1,1,1
images\9299.png,1,1,1,1,1
images\9300.png,1,1,1,1,1
images\9301.png,1,1,1,1,1
images\9302.png,1,1,1,1,1
images\9303.png,1,1,1,1,1
images\9304.png,1,1,1,1,1
images\9305.png,1,1,1,1,1
images\9306.png,1,1,1,1,1
images\9307.png,1,1,1,1,1
images\9308.png,1,1,1,1,1
images\9309.png,1,1,1,1,1
images\9310.png,1,1,1,1,1
images\9311.png,1,1,1,1,1
images\9312.png,1,1,1,1,1
images\9313.png,1,1,1,1,1
images\9314.png,1,1,1,1,1
images\9315.png,1,1,1,1,1
images\9316.png,1,1,1,1,1
images\9317.png,1,1,1,1,1
images\9318.png,1,1,1,1,1
images\9319.png,1,1,1,1,1
images\9320.png,1,1,1,1,1
images\9321.png,1,1,1,1,1
images\9322.png,1,1,1,1,1
images\9323.png,1,1,1,1,1
images\9324.png,1,1,1,1,1
images\9325.png,1,1,1,1,1
images\9326.png,1,1,1,1,1
images\9327.png,1,1,1,1,1
images\9328.png,1,1,1,1,1
images\9329.png,1,1,1,1,1
images\9330.png,1,1,1,1,1
images\9331.png,1,1,1,1,1
images\9332.png,1,1,1,1,1
images\9333.png,1,1,1,1,1
images\9334.png,1,1,1,1,1
images\9335.png,1,1,1,1,1
images\9336.png,1,1,1,1,1
images\9337.png,1,1,1,1,1
images\9338.png,1,1,1,1,1
images\9339.png,1,1,1,1,1
images\9340.png,1,1,1,1,1
images\9341.png,1,1,1,1,1
images\9342.png,1,1,1,1,1
images\9343.png,1,1,1,1,1
images\9344.png,1,1,1,1,1
images\9345.png,1,1,1,1,1
images\9346.png,1,1,1,1,1
images\9347.png,1,1,1,1,1
images\9348.png,1,1,1,1,1
images\9349.png,1,1,1,1,1
images\9350.png,1,1,1,1,1
images\9351.png,1,1,1,1,1
images\9352.png,1,1,1,1,1
images\9353.png,1,1,1,1,1
images\9354.png,1,1,1,1,1
images\9355.png,1,1,1,1,1
images\9356.png,1,1,1,1,1
images\9357.png,1,1,1,1,1
images\9358.png,1,1,1,1,1
images\9359.png,1,1,1,1,1
images\9360.png,1,1,1,1,1
images\9361.png,1,1,1,1,1
images\9362.png,1,1,1,1,1
images\9363.png,1,1,1,1,1
images\9364.png,1,1,1,1,1
images\9365.png,1,1,1,1,1
images\9366.png,1,1,1,1,1
images\9367.png,1,1,1,1,1
images\9368.png,1,1,1,1,1
images\9369.png,1,1,1,1,1
images\9370.png,1,1,1,1,1
images\9371.png,1,1,1,1,1
images\9372.png,1,1,1,1,1
images\9373.png,1,1,1,1,1
images\9374.png,1,1,1,1,1
images\9375.png,1,1,1,1,1
images\9376.png,1,1,1,1,1
images\9377.png,1,1,1,1,1
images\9378.png,1,1,1,1,1
images\9379.png,1,1,1,1,1
images\9380.png,1,1,1,1,1
images\9381.png,1,1,1,1,1
images\9382.png,1,1,1,1,1
images\9383.png,1,1,1,1,1
images\9384.png,1,1,1,1,1
images\9385.png,1,1,1,1,1
images\9386.png,1,1,1,1,1
images\9387.png,1,1,1,1,1
images\9388.png,1,1,1,1,1
images\9389.png,1,1,1,1,1
images\9390.png,1,1,1,1,1
images\9391.png,1,1,1,1,1
images\9392.png,1,1,1,1,1
images\9393.png,1,1,1,1,1
images\9394.png,1,1,1,1,1
images\9395.png,1,1,1,1,1
images\9396.png,1,1,1,1,1
images\9397.png,1,1,1,1,1
images\9398.png,1,1,1,1,1
images\9399.png,1,1,1,1,1
images\9400.png,1,1,1,1,1
images\9401.png,1,1,1,1,1
images\9402.png,1,1,1,1,1
images\9403.png,1,1,1,1,1
images\9404.png,1,1,1,1,1
images\9405.png,1,1,1,1,1
images\9406.png,1,1,1,1,1
images\9407.png,1,1,1,1,1
images\9408.png,1,1,1,1,1
images\9409.png,1,1,1,1,1
images\9410.png,1,1,1,1,1
images\9411.png,1,1,1,1,1
images\9412.png,1,1,1,1,1
images\9413.png,1,1,1,1,1
images\9414.png,1,1,1,1,1
images\9415.png,1,1,1,1,1
images\9416.png,1,1,1,1,1
images\9417.png,1,1,1,1,1
images\9418.png,1,1,1,1,1
images\9419.png,1,1,1,1,1
images\9420.png,1,1,1,1,1
images\9421.png,1,1,1,1,1
images\9422.png,1,1,1,1,1
images\9423.png,1,1,1,1,1
images\9424.png,1,1,1,1,1
images\9425.png,1,1,1,1,1
images\9426.png,1,1,1,1,1
images\9427.png,1,1,1,1,1
images\9428.png,1,1,1,1,1
images\9429.png,1,1,1,1,1
images\9430.png,1,1,1,1,1
images\9431.png,1,1,1,1,1
images\9432.png,1,1,1,1,1
images\9433.png,1,1,1,1,1
images\9434.png,1,1,1,1,1
images\9435.png,1,1,1,1,1
images\9436.png,1,1,1,1,1
images\9437.png,1,1,1,1,1
images\9438.png,1,1,1,1,1
images\9439.png,1,1,1,1,1
images\9440.png,1,1,1,1,1
images\9441.png,1,1,1,1,1
images\9442.png,1,1,1,1,1
images\9443.png,1,1,1,1,1
images\9444.png,1,1,1,1,1
images\9445.png,1,1,1,1,1
images\9446.png,1,1,1,1,1
images\9447.png,1,1,1,1,1
images\9448.png,1,1,1,1,1
images\9449.png,1,1,1,1,1
images\9450.png,1,1,1,1,1
images\9451.png,1,1,1,1,1
images\9452.png,1,1,1,1,1
images\9453.png,1,1,1,1,1
images\9454.png,1,1,1,1,1
images\9455.png,1,1,1,1,1
images\9456.png,1,1,1,1,1
images\9457.png,1,1,1,1,1
images\9458.png,1,1,1,1,1
images\9459.png,1,1,1,1,1
images\9460.png,1,1,1,1,1
images\9461.png,1,1,1,1,1
images\9462.png,1,1,1,1,1
images\9463.png,1,1,1,1,1
images\9464.png,1,1,1,1,1
images\9465.png,1,1,1,1,1
images\9466.png,1,1,1,1,1
images\9467.png,1,1,1,1,1
images\9468.png,1,1,1,1,1
images\9469.png,1,1,1,1,1
images\9470.png,1,1,1,1,1
images\9471.png,1,1,1,1,1
images\9472.png,1,1,1,1,1
images\9473.png,1,1,1,1,1
images\9474.png,1,1,1,1,1
images\9475.png,1,1,1,1,1
images\9476.png,1,1,1,1,1
images\9477.png,1,1,1,1,1
images\9478.png,1,1,1,1,1
images\9479.png,1,1,1,1,1
images\9480.png,1,1,1,1,1
images\9481.png,1,1,1,1,1
images\9482.png,1,1,1,1,1
images\9483.png,1,1,1,1,1
images\9484.png,1,1,1,1,1
images\9485.png,1,1,1,1,1
images\9486.png,1,1,1,1,1
images\9487.png,1,1,1,1,1
images\9488.png,1,1,1,1,1
images\9489.png,1,1,1,1,1
images\9490.png,1,1,1,1,1
images\9491.png,1,1,1,1,1
images\9492.png,1,1,1,1,1
images\9493.png,1,1,1,1,1
images\9494.png,1,1,1,1,1
images\9495.png,1,1,1,1,1
images\9496.png,1,1,1,1,1
images\9497.png,1,1,1,1,1
images\9498.png,1,1,1,1,1
images\9499.png,1,1,1,1,1
images\9500.png,1,1,1,1,1
images\9501.png,1,1,1,1,1
images\9502.png,1,1,1,1,1
images\9503.png,1,1,1,1,1
images\9504.png,1,1,1,1,1
images\9505.png,1,1,1,1,1
images\9506.png,1,1,1,1,1
images\9507.png,1,1,1,1,1
images\9508.png,1,1,1,1,1
images\9509.png,1,1,1,1,1
images\9510.png,1,1,1,1,1
images\9511.png,1,1,1,1,1
images\9512.png,1,1,1,1,1
images\9513.png,1,1,1,1,1
images\9514.png,1,1,1,1,1
images\9515.png,1,1,1,1,1
images\9516.png,1,1,1,1,1
images\9517.png,1,1,1,1,1
images\9518.png,1,1,1,1,1
images\9519.png,1,1,1,1,1
images\9520.png,1,1,1,1,1
images\9521.png,1,1,1,1,1
images\9522.png,1,1,1,1,1
images\9523.png,1,1,1,1,1
images\9524.png,1,1,1,1,1
images\9525.png,1,1,1,1,1
images\9526.png,1,1,1,1,1
images\9527.png,1,1,1,1,1
images\9528.png,1,1,1,1,1
images\9529.png,1,1,1,1,1
images\9530.png,1,1,1,1,1
images\9531.png,1,1,1,1,1
images\9532.png,1,1,1,1,1
images\9533.png,1,1,1,1,1
images\9534.png,1,1,1,1,1
images\9535.png,1,1,1,1,1
images\9536.png,1,1,1,1,1
images\9537.png,1,1,1,1,1
images\9538.png,1,1,1,1,1
images\9539.png,1,1,1,1,1
images\9540.png,1,1,1,1,1
images\9541.png,1,1,1,1,1
images\9542.png,1,1,1,1,1
images\9543.png,1,1,1,1,1
images\9544.png,1,1,1,1,1
images\9545.png,1,1,1,1,1
images\9546.png,1,1,1,1,1
images\9547.png,1,1,1,1,1
images\9548.png,1,1,1,1,1
images\9549.png,1,1,1,1,1
images\9550.png,1,1,1,1,1
images\9551.png,1,1,1,1,1
images\9552.png,1,1,1,1,1
images\9553.png,1,1,1,1,1
images\9554.png,1,1,1,1,1
images\9555.png,1,1,1,1,1
images\9556.png,1,1,1,1,1
images\9557.png,1,1,1,1,1
images\9558.png,1,1,1,1,1
images\9559.png,1,1,1,1,1
images\9560.png,1,1,1,1,1
images\9561.png,1,1,1,1,1
images\9562.png,1,1,1,1,1
images\9563.png,1,1,1,1,1
images\9564.png,1,1,1,1,1
images\9565.png,1,1,1,1,1
images\9566.png,1,1,1,1,1
images\9567.png,1,1,1,1,1
images\9568.png,1,1,1,1,1
images\9569.png,1,1,1,1,1
images\9570.png,1,1,1,1,1
images\9571.png,1,1,1,1,1
images\9572.png,1,1,1,1,1
images\9573.png,1,1,1,1,1
images\9574.png,1,1,1,1,1
images\9575.png,1,1,1,1,1
images\9576.png,1,1,1,1,1
images\9577.png,1,1,1,1,1
images\9578.png,1,1,1,1,1
images\9579.png,1,1,1,1,1
images\9580.png,1,1,1,1,1
images\9581.png,1,1,1,1,1
images\9582.png,1,1,1,1,1
images\9583.png,1,1,1,1,1
images\9584.png,1,1,1,1,1
images\9585.png,1,1,1,1,1
images\9586.png,1,1,1,1,1
images\9587.png,1,1,1,1,1
images\9588.png,1,1,1,1,1
images\9589.png,1,1,1,1,1
images\9590.png,1,1,1,1,1
images\9591.png,1,1,1,1,1
images\9592.png,1,1,1,1,1
images\9593.png,1,1,1,1,1
images\9594.png,1,1,1,1,1
images\9595.png,1,1,1,1,1
images\9596.png,1,1,1,1,1
images\9597.png,1,1,1,1,1
images\9598.png,1,1,1,1,1
images\9599.png,1,1,1,1,1
images\9600.png,1,1,1,1,1
images\9601.png,1,1,1,1,1
images\9602.png,1,1,1,1,1
images\9603.png,1,1,1,1,1
images\9604.png,1,1,1,1,1
images\9605.png,1,1,1,1,1
images\9606.png,1,1,1,1,1
images\9607.png,1,1,1,1,1
images\9608.png,1,1,1,1,1
images\9609.png,1,1,1,1,1
images\9610.png,1,1,1,1,1
images\9611.png,1,1,1,1,1
images\9612.png,1,1,1,1,1
images\9613.png,1,1,1,1,1
images\9614.png,1,1,1,1,1
images\9615.png,1,1,1,1,1
images\9616.png,1,1,1,1,1
images\9617.png,1,1,1,1,1
images\9618.png,1,1,1,1,1
images\9619.png,1,1,1,1,1
images\9620.png,1,1,1,1,1
images\9621.png,1,1,1,1,1
images\9622.png,1,1,1,1,1
images\9623.png,1,1,1,1,1
images\9624.png,1,1,1,1,1
images\9625.png,1,1,1,1,1
images\9626.png,1,1,1,1,1
images\9627.png,1,1,1,1,1
images\9628.png,1,1,1,1,1
images\9629.png,1,1,1,1,1
images\9630.png,1,1,1,1,1
images\9631.png,1,1,1,1,1
images\9632.png,1,1,1,1,1
images\9633.png,1,1,1,1,1
images\9634.png,1,1,1,1,1
images\9635.png,1,1,1,1,1
images\9636.png,1,1,1,1,1
images\9637.png,1,1,1,1,1
images\9638.png,1,1,1,1,1
images\9639.png,1,1,1,1,1
images\9640.png,1,1,1,1,1
images\9641.png,1,1,1,1,1
images\9642.png,1,1,1,1,1
images\9643.png,1,1,1,1,1
images\9644.png,1,1,1,1,1
images\9645.png,1,1,1,1,1
images\9646.png,1,1,1,1,1
images\9647.png,1,1,1,1,1
images\9648.png,1,1,1,1,1
images\9649.png,1,1,1,1,1
images\9650.png,1,1,1,1,1
images\9651.png,1,1,1,1,1
images\9652.png,1,1,1,1,1
images\9653.png,1,1,1,1,1
images\9654.png,1,1,1,1,1
images\9655.png,1,1,1,1,1
images\9656.png,1,1,1,1,1
images\9657.png,1,1,1,1,1
images\9658.png,1,1,1,1,1
images\9659.png,1,1,1,1,1
images\9660.png,1,1,1,1,1
images\9661.png,1,1,1,1,1
